store_id,retailer,city,state,source_type,source_name,url,status,records,message
USR-001,Walmart,New York,NY,reviews,sitejabber,https://www.sitejabber.com/reviews/walmart.com,high,8,
USR-001,Walmart,New York,NY,reviews,trustpilot,https://www.trustpilot.com/review/www.walmart.com,error,0,403 Client Error: Forbidden for url: https://www.trustpilot.com/review/www.walmart.com
USR-001,Walmart,New York,NY,reviews,google_news_reviews,https://news.google.com/rss/search?q=New+York+NY+Walmart+customer+reviews&hl=en-US&gl=US&ceid=US:en,ok,8,
USR-001,Walmart,New York,NY,local_news,google_news_retail,https://news.google.com/rss/search?q=New+York+NY+Walmart+retail+store&hl=en-US&gl=US&ceid=US:en,high,6,
USR-001,Walmart,New York,NY,local_news,google_news_grocery,https://news.google.com/rss/search?q=New+York+NY+grocery+shopping+retail&hl=en-US&gl=US&ceid=US:en,high,6,
USR-001,Walmart,New York,NY,local_news,google_news_local,https://news.google.com/rss/search?q=New+York+NY+retail+opening+OR+store+closing&hl=en-US&gl=US&ceid=US:en,high,6,
USR-001,Walmart,New York,NY,local_news,bing_news_retail,https://www.bing.com/news/search?q=New+York+NY+Walmart+retail&format=rss,high,4,
USR-002,Target,Los Angeles,CA,reviews,sitejabber,https://www.sitejabber.com/reviews/target.com,high,8,
USR-002,Target,Los Angeles,CA,reviews,trustpilot,https://www.trustpilot.com/review/www.target.com,error,0,403 Client Error: Forbidden for url: https://www.trustpilot.com/review/www.target.com
USR-002,Target,Los Angeles,CA,reviews,google_news_reviews,https://news.google.com/rss/search?q=Los+Angeles+CA+Target+customer+reviews&hl=en-US&gl=US&ceid=US:en,ok,8,
USR-002,Target,Los Angeles,CA,local_news,google_news_retail,https://news.google.com/rss/search?q=Los+Angeles+CA+Target+retail+store&hl=en-US&gl=US&ceid=US:en,high,6,
USR-002,Target,Los Angeles,CA,local_news,google_news_grocery,https://news.google.com/rss/search?q=Los+Angeles+CA+grocery+shopping+retail&hl=en-US&gl=US&ceid=US:en,high,6,
USR-002,Target,Los Angeles,CA,local_news,google_news_local,https://news.google.com/rss/search?q=Los+Angeles+CA+retail+opening+OR+store+closing&hl=en-US&gl=US&ceid=US:en,high,6,
USR-002,Target,Los Angeles,CA,local_news,bing_news_retail,https://www.bing.com/news/search?q=Los+Angeles+CA+Target+retail&format=rss,high,3,
USR-003,Kroger,Chicago,IL,reviews,sitejabber,https://www.sitejabber.com/reviews/kroger.com,high,8,
USR-003,Kroger,Chicago,IL,reviews,trustpilot,https://www.trustpilot.com/review/www.kroger.com,error,0,403 Client Error: Forbidden for url: https://www.trustpilot.com/review/www.kroger.com
USR-003,Kroger,Chicago,IL,reviews,google_news_reviews,https://news.google.com/rss/search?q=Chicago+IL+Kroger+customer+reviews&hl=en-US&gl=US&ceid=US:en,ok,8,
USR-003,Kroger,Chicago,IL,local_news,google_news_retail,https://news.google.com/rss/search?q=Chicago+IL+Kroger+retail+store&hl=en-US&gl=US&ceid=US:en,high,6,
USR-003,Kroger,Chicago,IL,local_news,google_news_grocery,https://news.google.com/rss/search?q=Chicago+IL+grocery+shopping+retail&hl=en-US&gl=US&ceid=US:en,high,6,
USR-003,Kroger,Chicago,IL,local_news,google_news_local,https://news.google.com/rss/search?q=Chicago+IL+retail+opening+OR+store+closing&hl=en-US&gl=US&ceid=US:en,high,4,
USR-003,Kroger,Chicago,IL,local_news,bing_news_retail,https://www.bing.com/news/search?q=Chicago+IL+Kroger+retail&format=rss,high,0,
USR-004,Costco,Houston,TX,reviews,sitejabber,https://www.sitejabber.com/reviews/costco.com,high,8,
USR-004,Costco,Houston,TX,reviews,trustpilot,https://www.trustpilot.com/review/www.costco.com,error,0,403 Client Error: Forbidden for url: https://www.trustpilot.com/review/www.costco.com
USR-004,Costco,Houston,TX,reviews,google_news_reviews,https://news.google.com/rss/search?q=Houston+TX+Costco+customer+reviews&hl=en-US&gl=US&ceid=US:en,ok,8,
USR-004,Costco,Houston,TX,local_news,google_news_retail,https://news.google.com/rss/search?q=Houston+TX+Costco+retail+store&hl=en-US&gl=US&ceid=US:en,high,6,
USR-004,Costco,Houston,TX,local_news,google_news_grocery,https://news.google.com/rss/search?q=Houston+TX+grocery+shopping+retail&hl=en-US&gl=US&ceid=US:en,high,6,
USR-004,Costco,Houston,TX,local_news,google_news_local,https://news.google.com/rss/search?q=Houston+TX+retail+opening+OR+store+closing&hl=en-US&gl=US&ceid=US:en,high,4,
USR-004,Costco,Houston,TX,local_news,bing_news_retail,https://www.bing.com/news/search?q=Houston+TX+Costco+retail&format=rss,high,0,
USR-005,Albertsons,Phoenix,AZ,reviews,sitejabber,https://www.sitejabber.com/reviews/albertsons.com,high,8,
USR-005,Albertsons,Phoenix,AZ,reviews,google_news_reviews,https://news.google.com/rss/search?q=Phoenix+AZ+Albertsons+customer+reviews&hl=en-US&gl=US&ceid=US:en,ok,1,
USR-005,Albertsons,Phoenix,AZ,local_news,google_news_retail,https://news.google.com/rss/search?q=Phoenix+AZ+Albertsons+retail+store&hl=en-US&gl=US&ceid=US:en,high,6,
USR-005,Albertsons,Phoenix,AZ,local_news,google_news_grocery,https://news.google.com/rss/search?q=Phoenix+AZ+grocery+shopping+retail&hl=en-US&gl=US&ceid=US:en,high,5,
USR-005,Albertsons,Phoenix,AZ,local_news,google_news_local,https://news.google.com/rss/search?q=Phoenix+AZ+retail+opening+OR+store+closing&hl=en-US&gl=US&ceid=US:en,high,5,
USR-005,Albertsons,Phoenix,AZ,local_news,bing_news_retail,https://www.bing.com/news/search?q=Phoenix+AZ+Albertsons+retail&format=rss,high,0,
USR-006,Publix,Philadelphia,PA,reviews,sitejabber,https://www.sitejabber.com/reviews/publix.com,high,8,
USR-006,Publix,Philadelphia,PA,reviews,google_news_reviews,https://news.google.com/rss/search?q=Philadelphia+PA+Publix+customer+reviews&hl=en-US&gl=US&ceid=US:en,ok,8,
USR-006,Publix,Philadelphia,PA,local_news,google_news_retail,https://news.google.com/rss/search?q=Philadelphia+PA+Publix+retail+store&hl=en-US&gl=US&ceid=US:en,high,6,
USR-006,Publix,Philadelphia,PA,local_news,google_news_grocery,https://news.google.com/rss/search?q=Philadelphia+PA+grocery+shopping+retail&hl=en-US&gl=US&ceid=US:en,high,6,
USR-006,Publix,Philadelphia,PA,local_news,google_news_local,https://news.google.com/rss/search?q=Philadelphia+PA+retail+opening+OR+store+closing&hl=en-US&gl=US&ceid=US:en,high,6,
USR-006,Publix,Philadelphia,PA,local_news,bing_news_retail,https://www.bing.com/news/search?q=Philadelphia+PA+Publix+retail&format=rss,high,0,
USR-007,Whole Foods,San Antonio,TX,reviews,sitejabber,https://www.sitejabber.com/reviews/amazon.com,high,8,
USR-007,Whole Foods,San Antonio,TX,reviews,trustpilot,https://www.trustpilot.com/review/www.amazon.com,error,0,403 Client Error: Forbidden for url: https://www.trustpilot.com/review/www.amazon.com
USR-007,Whole Foods,San Antonio,TX,reviews,google_news_reviews,https://news.google.com/rss/search?q=San+Antonio+TX+Whole+Foods+customer+reviews&hl=en-US&gl=US&ceid=US:en,ok,8,
USR-007,Whole Foods,San Antonio,TX,local_news,google_news_retail,https://news.google.com/rss/search?q=San+Antonio+TX+Whole+Foods+retail+store&hl=en-US&gl=US&ceid=US:en,high,6,
USR-007,Whole Foods,San Antonio,TX,local_news,google_news_grocery,https://news.google.com/rss/search?q=San+Antonio+TX+grocery+shopping+retail&hl=en-US&gl=US&ceid=US:en,high,5,
USR-007,Whole Foods,San Antonio,TX,local_news,google_news_local,https://news.google.com/rss/search?q=San+Antonio+TX+retail+opening+OR+store+closing&hl=en-US&gl=US&ceid=US:en,high,6,
USR-007,Whole Foods,San Antonio,TX,local_news,bing_news_retail,https://www.bing.com/news/search?q=San+Antonio+TX+Whole+Foods+retail&format=rss,high,0,
USR-008,CVS,San Diego,CA,reviews,sitejabber,https://www.sitejabber.com/reviews/cvs.com,high,8,
USR-008,CVS,San Diego,CA,reviews,google_news_reviews,https://news.google.com/rss/search?q=San+Diego+CA+CVS+customer+reviews&hl=en-US&gl=US&ceid=US:en,ok,8,
USR-008,CVS,San Diego,CA,local_news,google_news_retail,https://news.google.com/rss/search?q=San+Diego+CA+CVS+retail+store&hl=en-US&gl=US&ceid=US:en,high,6,
USR-008,CVS,San Diego,CA,local_news,google_news_grocery,https://news.google.com/rss/search?q=San+Diego+CA+grocery+shopping+retail&hl=en-US&gl=US&ceid=US:en,high,6,
USR-008,CVS,San Diego,CA,local_news,google_news_local,https://news.google.com/rss/search?q=San+Diego+CA+retail+opening+OR+store+closing&hl=en-US&gl=US&ceid=US:en,high,6,
USR-008,CVS,San Diego,CA,local_news,bing_news_retail,https://www.bing.com/news/search?q=San+Diego+CA+CVS+retail&format=rss,high,0,
USR-009,Walgreens,Dallas,TX,reviews,sitejabber,https://www.sitejabber.com/reviews/walgreens.com,high,8,
USR-009,Walgreens,Dallas,TX,reviews,google_news_reviews,https://news.google.com/rss/search?q=Dallas+TX+Walgreens+customer+reviews&hl=en-US&gl=US&ceid=US:en,ok,6,
USR-009,Walgreens,Dallas,TX,local_news,google_news_retail,https://news.google.com/rss/search?q=Dallas+TX+Walgreens+retail+store&hl=en-US&gl=US&ceid=US:en,high,6,
USR-009,Walgreens,Dallas,TX,local_news,google_news_grocery,https://news.google.com/rss/search?q=Dallas+TX+grocery+shopping+retail&hl=en-US&gl=US&ceid=US:en,high,6,
USR-009,Walgreens,Dallas,TX,local_news,google_news_local,https://news.google.com/rss/search?q=Dallas+TX+retail+opening+OR+store+closing&hl=en-US&gl=US&ceid=US:en,high,5,
USR-009,Walgreens,Dallas,TX,local_news,bing_news_retail,https://www.bing.com/news/search?q=Dallas+TX+Walgreens+retail&format=rss,high,0,
USR-010,Home Depot,Austin,TX,reviews,sitejabber,https://www.sitejabber.com/reviews/homedepot.com,high,8,
USR-010,Home Depot,Austin,TX,reviews,trustpilot,https://www.trustpilot.com/review/www.homedepot.com,error,0,403 Client Error: Forbidden for url: https://www.trustpilot.com/review/www.homedepot.com
USR-010,Home Depot,Austin,TX,reviews,google_news_reviews,https://news.google.com/rss/search?q=Austin+TX+Home+Depot+customer+reviews&hl=en-US&gl=US&ceid=US:en,ok,8,
USR-010,Home Depot,Austin,TX,local_news,google_news_retail,https://news.google.com/rss/search?q=Austin+TX+Home+Depot+retail+store&hl=en-US&gl=US&ceid=US:en,high,6,
USR-010,Home Depot,Austin,TX,local_news,google_news_grocery,https://news.google.com/rss/search?q=Austin+TX+grocery+shopping+retail&hl=en-US&gl=US&ceid=US:en,high,6,
USR-010,Home Depot,Austin,TX,local_news,google_news_local,https://news.google.com/rss/search?q=Austin+TX+retail+opening+OR+store+closing&hl=en-US&gl=US&ceid=US:en,high,5,
USR-010,Home Depot,Austin,TX,local_news,bing_news_retail,https://www.bing.com/news/search?q=Austin+TX+Home+Depot+retail&format=rss,high,3,
USR-011,Lowe's,Jacksonville,FL,reviews,sitejabber,https://www.sitejabber.com/reviews/lowes.com,high,8,
USR-011,Lowe's,Jacksonville,FL,reviews,google_news_reviews,https://news.google.com/rss/search?q=Jacksonville+FL+Lowe%27s+customer+reviews&hl=en-US&gl=US&ceid=US:en,ok,2,
USR-011,Lowe's,Jacksonville,FL,local_news,google_news_retail,https://news.google.com/rss/search?q=Jacksonville+FL+Lowe%27s+retail+store&hl=en-US&gl=US&ceid=US:en,high,6,
USR-011,Lowe's,Jacksonville,FL,local_news,google_news_grocery,https://news.google.com/rss/search?q=Jacksonville+FL+grocery+shopping+retail&hl=en-US&gl=US&ceid=US:en,high,6,
USR-011,Lowe's,Jacksonville,FL,local_news,google_news_local,https://news.google.com/rss/search?q=Jacksonville+FL+retail+opening+OR+store+closing&hl=en-US&gl=US&ceid=US:en,high,6,
USR-011,Lowe's,Jacksonville,FL,local_news,bing_news_retail,https://www.bing.com/news/search?q=Jacksonville+FL+Lowe%27s+retail&format=rss,high,0,
USR-012,Best Buy,Fort Worth,TX,reviews,sitejabber,https://www.sitejabber.com/reviews/bestbuy.com,high,8,
USR-012,Best Buy,Fort Worth,TX,reviews,google_news_reviews,https://news.google.com/rss/search?q=Fort+Worth+TX+Best+Buy+customer+reviews&hl=en-US&gl=US&ceid=US:en,ok,8,
USR-012,Best Buy,Fort Worth,TX,local_news,google_news_retail,https://news.google.com/rss/search?q=Fort+Worth+TX+Best+Buy+retail+store&hl=en-US&gl=US&ceid=US:en,high,6,
USR-012,Best Buy,Fort Worth,TX,local_news,google_news_grocery,https://news.google.com/rss/search?q=Fort+Worth+TX+grocery+shopping+retail&hl=en-US&gl=US&ceid=US:en,high,6,
USR-012,Best Buy,Fort Worth,TX,local_news,google_news_local,https://news.google.com/rss/search?q=Fort+Worth+TX+retail+opening+OR+store+closing&hl=en-US&gl=US&ceid=US:en,high,6,
USR-012,Best Buy,Fort Worth,TX,local_news,bing_news_retail,https://www.bing.com/news/search?q=Fort+Worth+TX+Best+Buy+retail&format=rss,high,1,
USR-013,Dollar General,Columbus,OH,reviews,sitejabber,https://www.sitejabber.com/reviews/dollargeneral.com,high,8,
USR-013,Dollar General,Columbus,OH,reviews,google_news_reviews,https://news.google.com/rss/search?q=Columbus+OH+Dollar+General+customer+reviews&hl=en-US&gl=US&ceid=US:en,ok,8,
USR-013,Dollar General,Columbus,OH,local_news,google_news_retail,https://news.google.com/rss/search?q=Columbus+OH+Dollar+General+retail+store&hl=en-US&gl=US&ceid=US:en,high,6,
USR-013,Dollar General,Columbus,OH,local_news,google_news_grocery,https://news.google.com/rss/search?q=Columbus+OH+grocery+shopping+retail&hl=en-US&gl=US&ceid=US:en,high,6,
USR-013,Dollar General,Columbus,OH,local_news,google_news_local,https://news.google.com/rss/search?q=Columbus+OH+retail+opening+OR+store+closing&hl=en-US&gl=US&ceid=US:en,high,0,
USR-013,Dollar General,Columbus,OH,local_news,bing_news_retail,https://www.bing.com/news/search?q=Columbus+OH+Dollar+General+retail&format=rss,high,3,
USR-014,Sam's Club,Charlotte,NC,reviews,sitejabber,https://www.sitejabber.com/reviews/samsclub.com,high,8,
USR-014,Sam's Club,Charlotte,NC,reviews,google_news_reviews,https://news.google.com/rss/search?q=Charlotte+NC+Sam%27s+Club+customer+reviews&hl=en-US&gl=US&ceid=US:en,ok,8,
USR-014,Sam's Club,Charlotte,NC,local_news,google_news_retail,https://news.google.com/rss/search?q=Charlotte+NC+Sam%27s+Club+retail+store&hl=en-US&gl=US&ceid=US:en,high,6,
USR-014,Sam's Club,Charlotte,NC,local_news,google_news_grocery,https://news.google.com/rss/search?q=Charlotte+NC+grocery+shopping+retail&hl=en-US&gl=US&ceid=US:en,high,5,
USR-014,Sam's Club,Charlotte,NC,local_news,google_news_local,https://news.google.com/rss/search?q=Charlotte+NC+retail+opening+OR+store+closing&hl=en-US&gl=US&ceid=US:en,high,4,
USR-014,Sam's Club,Charlotte,NC,local_news,bing_news_retail,https://www.bing.com/news/search?q=Charlotte+NC+Sam%27s+Club+retail&format=rss,high,5,
USR-015,Aldi,Indianapolis,IN,reviews,sitejabber,https://www.sitejabber.com/reviews/aldi.us,high,8,
USR-015,Aldi,Indianapolis,IN,reviews,google_news_reviews,https://news.google.com/rss/search?q=Indianapolis+IN+Aldi+customer+reviews&hl=en-US&gl=US&ceid=US:en,ok,6,
USR-015,Aldi,Indianapolis,IN,local_news,google_news_retail,https://news.google.com/rss/search?q=Indianapolis+IN+Aldi+retail+store&hl=en-US&gl=US&ceid=US:en,high,6,
USR-015,Aldi,Indianapolis,IN,local_news,google_news_grocery,https://news.google.com/rss/search?q=Indianapolis+IN+grocery+shopping+retail&hl=en-US&gl=US&ceid=US:en,high,6,
USR-015,Aldi,Indianapolis,IN,local_news,google_news_local,https://news.google.com/rss/search?q=Indianapolis+IN+retail+opening+OR+store+closing&hl=en-US&gl=US&ceid=US:en,high,5,
USR-015,Aldi,Indianapolis,IN,local_news,bing_news_retail,https://www.bing.com/news/search?q=Indianapolis+IN+Aldi+retail&format=rss,high,0,
USR-016,H-E-B,Seattle,WA,reviews,sitejabber,https://www.sitejabber.com/reviews/heb.com,high,8,
USR-016,H-E-B,Seattle,WA,reviews,google_news_reviews,https://news.google.com/rss/search?q=Seattle+WA+H-E-B+customer+reviews&hl=en-US&gl=US&ceid=US:en,high,0,
USR-016,H-E-B,Seattle,WA,local_news,google_news_retail,https://news.google.com/rss/search?q=Seattle+WA+H-E-B+retail+store&hl=en-US&gl=US&ceid=US:en,high,6,
USR-016,H-E-B,Seattle,WA,local_news,google_news_grocery,https://news.google.com/rss/search?q=Seattle+WA+grocery+shopping+retail&hl=en-US&gl=US&ceid=US:en,high,6,
USR-016,H-E-B,Seattle,WA,local_news,google_news_local,https://news.google.com/rss/search?q=Seattle+WA+retail+opening+OR+store+closing&hl=en-US&gl=US&ceid=US:en,high,3,
USR-016,H-E-B,Seattle,WA,local_news,bing_news_retail,https://www.bing.com/news/search?q=Seattle+WA+H-E-B+retail&format=rss,high,0,
USR-017,Meijer,Denver,CO,reviews,sitejabber,https://www.sitejabber.com/reviews/meijer.com,high,8,
USR-017,Meijer,Denver,CO,reviews,google_news_reviews,https://news.google.com/rss/search?q=Denver+CO+Meijer+customer+reviews&hl=en-US&gl=US&ceid=US:en,ok,2,
USR-017,Meijer,Denver,CO,local_news,google_news_retail,https://news.google.com/rss/search?q=Denver+CO+Meijer+retail+store&hl=en-US&gl=US&ceid=US:en,high,6,
USR-017,Meijer,Denver,CO,local_news,google_news_grocery,https://news.google.com/rss/search?q=Denver+CO+grocery+shopping+retail&hl=en-US&gl=US&ceid=US:en,high,6,
USR-017,Meijer,Denver,CO,local_news,google_news_local,https://news.google.com/rss/search?q=Denver+CO+retail+opening+OR+store+closing&hl=en-US&gl=US&ceid=US:en,high,6,
USR-017,Meijer,Denver,CO,local_news,bing_news_retail,https://www.bing.com/news/search?q=Denver+CO+Meijer+retail&format=rss,high,0,
USR-018,Safeway,Boston,MA,reviews,sitejabber,https://www.sitejabber.com/reviews/safeway.com,high,8,
USR-018,Safeway,Boston,MA,reviews,google_news_reviews,https://news.google.com/rss/search?q=Boston+MA+Safeway+customer+reviews&hl=en-US&gl=US&ceid=US:en,ok,5,
USR-018,Safeway,Boston,MA,local_news,google_news_retail,https://news.google.com/rss/search?q=Boston+MA+Safeway+retail+store&hl=en-US&gl=US&ceid=US:en,high,6,
USR-018,Safeway,Boston,MA,local_news,google_news_grocery,https://news.google.com/rss/search?q=Boston+MA+grocery+shopping+retail&hl=en-US&gl=US&ceid=US:en,high,6,
USR-018,Safeway,Boston,MA,local_news,google_news_local,https://news.google.com/rss/search?q=Boston+MA+retail+opening+OR+store+closing&hl=en-US&gl=US&ceid=US:en,high,4,
USR-018,Safeway,Boston,MA,local_news,bing_news_retail,https://www.bing.com/news/search?q=Boston+MA+Safeway+retail&format=rss,high,0,
USR-019,Sprouts,Nashville,TN,reviews,sitejabber,https://www.sitejabber.com/reviews/sprouts.com,high,1,
USR-019,Sprouts,Nashville,TN,reviews,google_news_reviews,https://news.google.com/rss/search?q=Nashville+TN+Sprouts+customer+reviews&hl=en-US&gl=US&ceid=US:en,high,0,
USR-019,Sprouts,Nashville,TN,local_news,google_news_retail,https://news.google.com/rss/search?q=Nashville+TN+Sprouts+retail+store&hl=en-US&gl=US&ceid=US:en,high,6,
USR-019,Sprouts,Nashville,TN,local_news,google_news_grocery,https://news.google.com/rss/search?q=Nashville+TN+grocery+shopping+retail&hl=en-US&gl=US&ceid=US:en,high,6,
USR-019,Sprouts,Nashville,TN,local_news,google_news_local,https://news.google.com/rss/search?q=Nashville+TN+retail+opening+OR+store+closing&hl=en-US&gl=US&ceid=US:en,high,6,
USR-019,Sprouts,Nashville,TN,local_news,bing_news_retail,https://www.bing.com/news/search?q=Nashville+TN+Sprouts+retail&format=rss,high,0,
USR-020,Trader Joe's,Detroit,MI,reviews,sitejabber,https://www.sitejabber.com/reviews/traderjoes.com,high,8,
USR-020,Trader Joe's,Detroit,MI,reviews,google_news_reviews,https://news.google.com/rss/search?q=Detroit+MI+Trader+Joe%27s+customer+reviews&hl=en-US&gl=US&ceid=US:en,ok,2,
USR-020,Trader Joe's,Detroit,MI,local_news,google_news_retail,https://news.google.com/rss/search?q=Detroit+MI+Trader+Joe%27s+retail+store&hl=en-US&gl=US&ceid=US:en,high,6,
USR-020,Trader Joe's,Detroit,MI,local_news,google_news_grocery,https://news.google.com/rss/search?q=Detroit+MI+grocery+shopping+retail&hl=en-US&gl=US&ceid=US:en,high,6,
USR-020,Trader Joe's,Detroit,MI,local_news,google_news_local,https://news.google.com/rss/search?q=Detroit+MI+retail+opening+OR+store+closing&hl=en-US&gl=US&ceid=US:en,high,5,
USR-020,Trader Joe's,Detroit,MI,local_news,bing_news_retail,https://www.bing.com/news/search?q=Detroit+MI+Trader+Joe%27s+retail&format=rss,high,6,
USR-021,Walmart,Portland,OR,reviews,sitejabber,https://www.sitejabber.com/reviews/walmart.com,high,8,
USR-021,Walmart,Portland,OR,reviews,trustpilot,https://www.trustpilot.com/review/www.walmart.com,error,0,403 Client Error: Forbidden for url: https://www.trustpilot.com/review/www.walmart.com
USR-021,Walmart,Portland,OR,reviews,google_news_reviews,https://news.google.com/rss/search?q=Portland+OR+Walmart+customer+reviews&hl=en-US&gl=US&ceid=US:en,ok,8,
USR-021,Walmart,Portland,OR,local_news,google_news_retail,https://news.google.com/rss/search?q=Portland+OR+Walmart+retail+store&hl=en-US&gl=US&ceid=US:en,high,6,
USR-021,Walmart,Portland,OR,local_news,google_news_grocery,https://news.google.com/rss/search?q=Portland+OR+grocery+shopping+retail&hl=en-US&gl=US&ceid=US:en,high,6,
USR-021,Walmart,Portland,OR,local_news,google_news_local,https://news.google.com/rss/search?q=Portland+OR+retail+opening+OR+store+closing&hl=en-US&gl=US&ceid=US:en,high,6,
USR-021,Walmart,Portland,OR,local_news,bing_news_retail,https://www.bing.com/news/search?q=Portland+OR+Walmart+retail&format=rss,high,0,
USR-022,Target,Memphis,TN,reviews,sitejabber,https://www.sitejabber.com/reviews/target.com,high,8,
USR-022,Target,Memphis,TN,reviews,trustpilot,https://www.trustpilot.com/review/www.target.com,error,0,403 Client Error: Forbidden for url: https://www.trustpilot.com/review/www.target.com
USR-022,Target,Memphis,TN,reviews,google_news_reviews,https://news.google.com/rss/search?q=Memphis+TN+Target+customer+reviews&hl=en-US&gl=US&ceid=US:en,high,0,
USR-022,Target,Memphis,TN,local_news,google_news_retail,https://news.google.com/rss/search?q=Memphis+TN+Target+retail+store&hl=en-US&gl=US&ceid=US:en,high,6,
USR-022,Target,Memphis,TN,local_news,google_news_grocery,https://news.google.com/rss/search?q=Memphis+TN+grocery+shopping+retail&hl=en-US&gl=US&ceid=US:en,high,6,
USR-022,Target,Memphis,TN,local_news,google_news_local,https://news.google.com/rss/search?q=Memphis+TN+retail+opening+OR+store+closing&hl=en-US&gl=US&ceid=US:en,high,6,
USR-022,Target,Memphis,TN,local_news,bing_news_retail,https://www.bing.com/news/search?q=Memphis+TN+Target+retail&format=rss,high,0,
USR-023,Kroger,Louisville,KY,reviews,sitejabber,https://www.sitejabber.com/reviews/kroger.com,high,8,
USR-023,Kroger,Louisville,KY,reviews,trustpilot,https://www.trustpilot.com/review/www.kroger.com,error,0,403 Client Error: Forbidden for url: https://www.trustpilot.com/review/www.kroger.com
USR-023,Kroger,Louisville,KY,reviews,google_news_reviews,https://news.google.com/rss/search?q=Louisville+KY+Kroger+customer+reviews&hl=en-US&gl=US&ceid=US:en,ok,8,
USR-023,Kroger,Louisville,KY,local_news,google_news_retail,https://news.google.com/rss/search?q=Louisville+KY+Kroger+retail+store&hl=en-US&gl=US&ceid=US:en,high,6,
USR-023,Kroger,Louisville,KY,local_news,google_news_grocery,https://news.google.com/rss/search?q=Louisville+KY+grocery+shopping+retail&hl=en-US&gl=US&ceid=US:en,high,6,
USR-023,Kroger,Louisville,KY,local_news,google_news_local,https://news.google.com/rss/search?q=Louisville+KY+retail+opening+OR+store+closing&hl=en-US&gl=US&ceid=US:en,high,5,
USR-023,Kroger,Louisville,KY,local_news,bing_news_retail,https://www.bing.com/news/search?q=Louisville+KY+Kroger+retail&format=rss,high,0,
USR-024,Costco,Baltimore,MD,reviews,sitejabber,https://www.sitejabber.com/reviews/costco.com,high,8,
USR-024,Costco,Baltimore,MD,reviews,trustpilot,https://www.trustpilot.com/review/www.costco.com,error,0,403 Client Error: Forbidden for url: https://www.trustpilot.com/review/www.costco.com
USR-024,Costco,Baltimore,MD,reviews,google_news_reviews,https://news.google.com/rss/search?q=Baltimore+MD+Costco+customer+reviews&hl=en-US&gl=US&ceid=US:en,ok,8,
USR-024,Costco,Baltimore,MD,local_news,google_news_retail,https://news.google.com/rss/search?q=Baltimore+MD+Costco+retail+store&hl=en-US&gl=US&ceid=US:en,high,6,
USR-024,Costco,Baltimore,MD,local_news,google_news_grocery,https://news.google.com/rss/search?q=Baltimore+MD+grocery+shopping+retail&hl=en-US&gl=US&ceid=US:en,high,6,
USR-024,Costco,Baltimore,MD,local_news,google_news_local,https://news.google.com/rss/search?q=Baltimore+MD+retail+opening+OR+store+closing&hl=en-US&gl=US&ceid=US:en,high,6,
USR-024,Costco,Baltimore,MD,local_news,bing_news_retail,https://www.bing.com/news/search?q=Baltimore+MD+Costco+retail&format=rss,high,0,
USR-025,Albertsons,Milwaukee,WI,reviews,sitejabber,https://www.sitejabber.com/reviews/albertsons.com,high,8,
USR-025,Albertsons,Milwaukee,WI,reviews,google_news_reviews,https://news.google.com/rss/search?q=Milwaukee+WI+Albertsons+customer+reviews&hl=en-US&gl=US&ceid=US:en,high,0,
USR-025,Albertsons,Milwaukee,WI,local_news,google_news_retail,https://news.google.com/rss/search?q=Milwaukee+WI+Albertsons+retail+store&hl=en-US&gl=US&ceid=US:en,high,0,
USR-025,Albertsons,Milwaukee,WI,local_news,google_news_grocery,https://news.google.com/rss/search?q=Milwaukee+WI+grocery+shopping+retail&hl=en-US&gl=US&ceid=US:en,high,6,
USR-025,Albertsons,Milwaukee,WI,local_news,google_news_local,https://news.google.com/rss/search?q=Milwaukee+WI+retail+opening+OR+store+closing&hl=en-US&gl=US&ceid=US:en,high,4,
USR-025,Albertsons,Milwaukee,WI,local_news,bing_news_retail,https://www.bing.com/news/search?q=Milwaukee+WI+Albertsons+retail&format=rss,high,0,
USR-026,Publix,Albuquerque,NM,reviews,sitejabber,https://www.sitejabber.com/reviews/publix.com,high,8,
USR-026,Publix,Albuquerque,NM,reviews,google_news_reviews,https://news.google.com/rss/search?q=Albuquerque+NM+Publix+customer+reviews&hl=en-US&gl=US&ceid=US:en,high,0,
USR-026,Publix,Albuquerque,NM,local_news,google_news_retail,https://news.google.com/rss/search?q=Albuquerque+NM+Publix+retail+store&hl=en-US&gl=US&ceid=US:en,high,6,
USR-026,Publix,Albuquerque,NM,local_news,google_news_grocery,https://news.google.com/rss/search?q=Albuquerque+NM+grocery+shopping+retail&hl=en-US&gl=US&ceid=US:en,high,6,
USR-026,Publix,Albuquerque,NM,local_news,google_news_local,https://news.google.com/rss/search?q=Albuquerque+NM+retail+opening+OR+store+closing&hl=en-US&gl=US&ceid=US:en,high,6,
USR-026,Publix,Albuquerque,NM,local_news,bing_news_retail,https://www.bing.com/news/search?q=Albuquerque+NM+Publix+retail&format=rss,high,0,
USR-027,Whole Foods,Tucson,AZ,reviews,sitejabber,https://www.sitejabber.com/reviews/amazon.com,high,8,
USR-027,Whole Foods,Tucson,AZ,reviews,trustpilot,https://www.trustpilot.com/review/www.amazon.com,error,0,403 Client Error: Forbidden for url: https://www.trustpilot.com/review/www.amazon.com
USR-027,Whole Foods,Tucson,AZ,reviews,google_news_reviews,https://news.google.com/rss/search?q=Tucson+AZ+Whole+Foods+customer+reviews&hl=en-US&gl=US&ceid=US:en,ok,8,
USR-027,Whole Foods,Tucson,AZ,local_news,google_news_retail,https://news.google.com/rss/search?q=Tucson+AZ+Whole+Foods+retail+store&hl=en-US&gl=US&ceid=US:en,high,6,
USR-027,Whole Foods,Tucson,AZ,local_news,google_news_grocery,https://news.google.com/rss/search?q=Tucson+AZ+grocery+shopping+retail&hl=en-US&gl=US&ceid=US:en,high,6,
USR-027,Whole Foods,Tucson,AZ,local_news,google_news_local,https://news.google.com/rss/search?q=Tucson+AZ+retail+opening+OR+store+closing&hl=en-US&gl=US&ceid=US:en,high,5,
USR-027,Whole Foods,Tucson,AZ,local_news,bing_news_retail,https://www.bing.com/news/search?q=Tucson+AZ+Whole+Foods+retail&format=rss,high,1,
USR-028,CVS,Fresno,CA,reviews,sitejabber,https://www.sitejabber.com/reviews/cvs.com,high,8,
USR-028,CVS,Fresno,CA,reviews,google_news_reviews,https://news.google.com/rss/search?q=Fresno+CA+CVS+customer+reviews&hl=en-US&gl=US&ceid=US:en,high,0,
USR-028,CVS,Fresno,CA,local_news,google_news_retail,https://news.google.com/rss/search?q=Fresno+CA+CVS+retail+store&hl=en-US&gl=US&ceid=US:en,high,6,
USR-028,CVS,Fresno,CA,local_news,google_news_grocery,https://news.google.com/rss/search?q=Fresno+CA+grocery+shopping+retail&hl=en-US&gl=US&ceid=US:en,high,4,
USR-028,CVS,Fresno,CA,local_news,google_news_local,https://news.google.com/rss/search?q=Fresno+CA+retail+opening+OR+store+closing&hl=en-US&gl=US&ceid=US:en,high,5,
USR-028,CVS,Fresno,CA,local_news,bing_news_retail,https://www.bing.com/news/search?q=Fresno+CA+CVS+retail&format=rss,high,0,
USR-029,Walgreens,Sacramento,CA,reviews,sitejabber,https://www.sitejabber.com/reviews/walgreens.com,high,8,
USR-029,Walgreens,Sacramento,CA,reviews,google_news_reviews,https://news.google.com/rss/search?q=Sacramento+CA+Walgreens+customer+reviews&hl=en-US&gl=US&ceid=US:en,ok,2,
USR-029,Walgreens,Sacramento,CA,local_news,google_news_retail,https://news.google.com/rss/search?q=Sacramento+CA+Walgreens+retail+store&hl=en-US&gl=US&ceid=US:en,high,6,
USR-029,Walgreens,Sacramento,CA,local_news,google_news_grocery,https://news.google.com/rss/search?q=Sacramento+CA+grocery+shopping+retail&hl=en-US&gl=US&ceid=US:en,high,5,
USR-029,Walgreens,Sacramento,CA,local_news,google_news_local,https://news.google.com/rss/search?q=Sacramento+CA+retail+opening+OR+store+closing&hl=en-US&gl=US&ceid=US:en,high,4,
USR-029,Walgreens,Sacramento,CA,local_news,bing_news_retail,https://www.bing.com/news/search?q=Sacramento+CA+Walgreens+retail&format=rss,high,0,
USR-030,Home Depot,Kansas City,MO,reviews,sitejabber,https://www.sitejabber.com/reviews/homedepot.com,high,8,
USR-030,Home Depot,Kansas City,MO,reviews,trustpilot,https://www.trustpilot.com/review/www.homedepot.com,error,0,403 Client Error: Forbidden for url: https://www.trustpilot.com/review/www.homedepot.com
USR-030,Home Depot,Kansas City,MO,reviews,google_news_reviews,https://news.google.com/rss/search?q=Kansas+City+MO+Home+Depot+customer+reviews&hl=en-US&gl=US&ceid=US:en,ok,2,
USR-030,Home Depot,Kansas City,MO,local_news,google_news_retail,https://news.google.com/rss/search?q=Kansas+City+MO+Home+Depot+retail+store&hl=en-US&gl=US&ceid=US:en,high,6,
USR-030,Home Depot,Kansas City,MO,local_news,google_news_grocery,https://news.google.com/rss/search?q=Kansas+City+MO+grocery+shopping+retail&hl=en-US&gl=US&ceid=US:en,high,6,
USR-030,Home Depot,Kansas City,MO,local_news,google_news_local,https://news.google.com/rss/search?q=Kansas+City+MO+retail+opening+OR+store+closing&hl=en-US&gl=US&ceid=US:en,high,4,
USR-030,Home Depot,Kansas City,MO,local_news,bing_news_retail,https://www.bing.com/news/search?q=Kansas+City+MO+Home+Depot+retail&format=rss,high,0,
USR-031,Lowe's,Atlanta,GA,reviews,sitejabber,https://www.sitejabber.com/reviews/lowes.com,high,8,
USR-031,Lowe's,Atlanta,GA,reviews,google_news_reviews,https://news.google.com/rss/search?q=Atlanta+GA+Lowe%27s+customer+reviews&hl=en-US&gl=US&ceid=US:en,ok,8,
USR-031,Lowe's,Atlanta,GA,local_news,google_news_retail,https://news.google.com/rss/search?q=Atlanta+GA+Lowe%27s+retail+store&hl=en-US&gl=US&ceid=US:en,high,6,
USR-031,Lowe's,Atlanta,GA,local_news,google_news_grocery,https://news.google.com/rss/search?q=Atlanta+GA+grocery+shopping+retail&hl=en-US&gl=US&ceid=US:en,high,6,
USR-031,Lowe's,Atlanta,GA,local_news,google_news_local,https://news.google.com/rss/search?q=Atlanta+GA+retail+opening+OR+store+closing&hl=en-US&gl=US&ceid=US:en,high,6,
USR-031,Lowe's,Atlanta,GA,local_news,bing_news_retail,https://www.bing.com/news/search?q=Atlanta+GA+Lowe%27s+retail&format=rss,high,0,
USR-032,Best Buy,Miami,FL,reviews,sitejabber,https://www.sitejabber.com/reviews/bestbuy.com,high,8,
USR-032,Best Buy,Miami,FL,reviews,google_news_reviews,https://news.google.com/rss/search?q=Miami+FL+Best+Buy+customer+reviews&hl=en-US&gl=US&ceid=US:en,ok,8,
USR-032,Best Buy,Miami,FL,local_news,google_news_retail,https://news.google.com/rss/search?q=Miami+FL+Best+Buy+retail+store&hl=en-US&gl=US&ceid=US:en,high,6,
USR-032,Best Buy,Miami,FL,local_news,google_news_grocery,https://news.google.com/rss/search?q=Miami+FL+grocery+shopping+retail&hl=en-US&gl=US&ceid=US:en,high,6,
USR-032,Best Buy,Miami,FL,local_news,google_news_local,https://news.google.com/rss/search?q=Miami+FL+retail+opening+OR+store+closing&hl=en-US&gl=US&ceid=US:en,high,5,
USR-032,Best Buy,Miami,FL,local_news,bing_news_retail,https://www.bing.com/news/search?q=Miami+FL+Best+Buy+retail&format=rss,high,2,
USR-033,Dollar General,Tampa,FL,reviews,sitejabber,https://www.sitejabber.com/reviews/dollargeneral.com,high,8,
USR-033,Dollar General,Tampa,FL,reviews,google_news_reviews,https://news.google.com/rss/search?q=Tampa+FL+Dollar+General+customer+reviews&hl=en-US&gl=US&ceid=US:en,ok,7,
USR-033,Dollar General,Tampa,FL,local_news,google_news_retail,https://news.google.com/rss/search?q=Tampa+FL+Dollar+General+retail+store&hl=en-US&gl=US&ceid=US:en,high,6,
USR-033,Dollar General,Tampa,FL,local_news,google_news_grocery,https://news.google.com/rss/search?q=Tampa+FL+grocery+shopping+retail&hl=en-US&gl=US&ceid=US:en,high,6,
USR-033,Dollar General,Tampa,FL,local_news,google_news_local,https://news.google.com/rss/search?q=Tampa+FL+retail+opening+OR+store+closing&hl=en-US&gl=US&ceid=US:en,high,5,
USR-033,Dollar General,Tampa,FL,local_news,bing_news_retail,https://www.bing.com/news/search?q=Tampa+FL+Dollar+General+retail&format=rss,high,0,
USR-034,Sam's Club,Orlando,FL,reviews,sitejabber,https://www.sitejabber.com/reviews/samsclub.com,high,8,
USR-034,Sam's Club,Orlando,FL,reviews,google_news_reviews,https://news.google.com/rss/search?q=Orlando+FL+Sam%27s+Club+customer+reviews&hl=en-US&gl=US&ceid=US:en,ok,8,
USR-034,Sam's Club,Orlando,FL,local_news,google_news_retail,https://news.google.com/rss/search?q=Orlando+FL+Sam%27s+Club+retail+store&hl=en-US&gl=US&ceid=US:en,high,6,
USR-034,Sam's Club,Orlando,FL,local_news,google_news_grocery,https://news.google.com/rss/search?q=Orlando+FL+grocery+shopping+retail&hl=en-US&gl=US&ceid=US:en,high,4,
USR-034,Sam's Club,Orlando,FL,local_news,google_news_local,https://news.google.com/rss/search?q=Orlando+FL+retail+opening+OR+store+closing&hl=en-US&gl=US&ceid=US:en,high,5,
USR-034,Sam's Club,Orlando,FL,local_news,bing_news_retail,https://www.bing.com/news/search?q=Orlando+FL+Sam%27s+Club+retail&format=rss,high,6,
USR-035,Aldi,Cleveland,OH,reviews,sitejabber,https://www.sitejabber.com/reviews/aldi.us,high,8,
USR-035,Aldi,Cleveland,OH,reviews,google_news_reviews,https://news.google.com/rss/search?q=Cleveland+OH+Aldi+customer+reviews&hl=en-US&gl=US&ceid=US:en,ok,8,
USR-035,Aldi,Cleveland,OH,local_news,google_news_retail,https://news.google.com/rss/search?q=Cleveland+OH+Aldi+retail+store&hl=en-US&gl=US&ceid=US:en,high,6,
USR-035,Aldi,Cleveland,OH,local_news,google_news_grocery,https://news.google.com/rss/search?q=Cleveland+OH+grocery+shopping+retail&hl=en-US&gl=US&ceid=US:en,high,5,
USR-035,Aldi,Cleveland,OH,local_news,google_news_local,https://news.google.com/rss/search?q=Cleveland+OH+retail+opening+OR+store+closing&hl=en-US&gl=US&ceid=US:en,high,6,
USR-035,Aldi,Cleveland,OH,local_news,bing_news_retail,https://www.bing.com/news/search?q=Cleveland+OH+Aldi+retail&format=rss,high,0,
USR-036,H-E-B,Pittsburgh,PA,reviews,sitejabber,https://www.sitejabber.com/reviews/heb.com,high,8,
USR-036,H-E-B,Pittsburgh,PA,reviews,google_news_reviews,https://news.google.com/rss/search?q=Pittsburgh+PA+H-E-B+customer+reviews&hl=en-US&gl=US&ceid=US:en,ok,2,
USR-036,H-E-B,Pittsburgh,PA,local_news,google_news_retail,https://news.google.com/rss/search?q=Pittsburgh+PA+H-E-B+retail+store&hl=en-US&gl=US&ceid=US:en,high,6,
USR-036,H-E-B,Pittsburgh,PA,local_news,google_news_grocery,https://news.google.com/rss/search?q=Pittsburgh+PA+grocery+shopping+retail&hl=en-US&gl=US&ceid=US:en,high,5,
USR-036,H-E-B,Pittsburgh,PA,local_news,google_news_local,https://news.google.com/rss/search?q=Pittsburgh+PA+retail+opening+OR+store+closing&hl=en-US&gl=US&ceid=US:en,high,6,
USR-036,H-E-B,Pittsburgh,PA,local_news,bing_news_retail,https://www.bing.com/news/search?q=Pittsburgh+PA+H-E-B+retail&format=rss,high,0,
USR-037,Meijer,St. Louis,MO,reviews,sitejabber,https://www.sitejabber.com/reviews/meijer.com,high,8,
USR-037,Meijer,St. Louis,MO,reviews,google_news_reviews,https://news.google.com/rss/search?q=St.+Louis+MO+Meijer+customer+reviews&hl=en-US&gl=US&ceid=US:en,high,0,
USR-037,Meijer,St. Louis,MO,local_news,google_news_retail,https://news.google.com/rss/search?q=St.+Louis+MO+Meijer+retail+store&hl=en-US&gl=US&ceid=US:en,high,6,
USR-037,Meijer,St. Louis,MO,local_news,google_news_grocery,https://news.google.com/rss/search?q=St.+Louis+MO+grocery+shopping+retail&hl=en-US&gl=US&ceid=US:en,high,6,
USR-037,Meijer,St. Louis,MO,local_news,google_news_local,https://news.google.com/rss/search?q=St.+Louis+MO+retail+opening+OR+store+closing&hl=en-US&gl=US&ceid=US:en,high,5,
USR-037,Meijer,St. Louis,MO,local_news,bing_news_retail,https://www.bing.com/news/search?q=St.+Louis+MO+Meijer+retail&format=rss,high,2,
USR-038,Safeway,Cincinnati,OH,reviews,sitejabber,https://www.sitejabber.com/reviews/safeway.com,high,8,
USR-038,Safeway,Cincinnati,OH,reviews,google_news_reviews,https://news.google.com/rss/search?q=Cincinnati+OH+Safeway+customer+reviews&hl=en-US&gl=US&ceid=US:en,ok,2,
USR-038,Safeway,Cincinnati,OH,local_news,google_news_retail,https://news.google.com/rss/search?q=Cincinnati+OH+Safeway+retail+store&hl=en-US&gl=US&ceid=US:en,high,6,
USR-038,Safeway,Cincinnati,OH,local_news,google_news_grocery,https://news.google.com/rss/search?q=Cincinnati+OH+grocery+shopping+retail&hl=en-US&gl=US&ceid=US:en,high,6,
USR-038,Safeway,Cincinnati,OH,local_news,google_news_local,https://news.google.com/rss/search?q=Cincinnati+OH+retail+opening+OR+store+closing&hl=en-US&gl=US&ceid=US:en,high,6,
USR-038,Safeway,Cincinnati,OH,local_news,bing_news_retail,https://www.bing.com/news/search?q=Cincinnati+OH+Safeway+retail&format=rss,high,0,
USR-039,Sprouts,Raleigh,NC,reviews,sitejabber,https://www.sitejabber.com/reviews/sprouts.com,high,1,
USR-039,Sprouts,Raleigh,NC,reviews,google_news_reviews,https://news.google.com/rss/search?q=Raleigh+NC+Sprouts+customer+reviews&hl=en-US&gl=US&ceid=US:en,ok,2,
USR-039,Sprouts,Raleigh,NC,local_news,google_news_retail,https://news.google.com/rss/search?q=Raleigh+NC+Sprouts+retail+store&hl=en-US&gl=US&ceid=US:en,high,6,
USR-039,Sprouts,Raleigh,NC,local_news,google_news_grocery,https://news.google.com/rss/search?q=Raleigh+NC+grocery+shopping+retail&hl=en-US&gl=US&ceid=US:en,high,6,
USR-039,Sprouts,Raleigh,NC,local_news,google_news_local,https://news.google.com/rss/search?q=Raleigh+NC+retail+opening+OR+store+closing&hl=en-US&gl=US&ceid=US:en,high,4,
USR-039,Sprouts,Raleigh,NC,local_news,bing_news_retail,https://www.bing.com/news/search?q=Raleigh+NC+Sprouts+retail&format=rss,high,0,
USR-040,Trader Joe's,New Orleans,LA,reviews,sitejabber,https://www.sitejabber.com/reviews/traderjoes.com,high,8,
USR-040,Trader Joe's,New Orleans,LA,reviews,google_news_reviews,https://news.google.com/rss/search?q=New+Orleans+LA+Trader+Joe%27s+customer+reviews&hl=en-US&gl=US&ceid=US:en,ok,8,
USR-040,Trader Joe's,New Orleans,LA,local_news,google_news_retail,https://news.google.com/rss/search?q=New+Orleans+LA+Trader+Joe%27s+retail+store&hl=en-US&gl=US&ceid=US:en,high,6,
USR-040,Trader Joe's,New Orleans,LA,local_news,google_news_grocery,https://news.google.com/rss/search?q=New+Orleans+LA+grocery+shopping+retail&hl=en-US&gl=US&ceid=US:en,high,6,
USR-040,Trader Joe's,New Orleans,LA,local_news,google_news_local,https://news.google.com/rss/search?q=New+Orleans+LA+retail+opening+OR+store+closing&hl=en-US&gl=US&ceid=US:en,high,4,
USR-040,Trader Joe's,New Orleans,LA,local_news,bing_news_retail,https://www.bing.com/news/search?q=New+Orleans+LA+Trader+Joe%27s+retail&format=rss,high,5,
USR-041,Walmart,Salt Lake City,UT,reviews,sitejabber,https://www.sitejabber.com/reviews/walmart.com,high,8,
USR-041,Walmart,Salt Lake City,UT,reviews,trustpilot,https://www.trustpilot.com/review/www.walmart.com,error,0,403 Client Error: Forbidden for url: https://www.trustpilot.com/review/www.walmart.com
USR-041,Walmart,Salt Lake City,UT,reviews,google_news_reviews,https://news.google.com/rss/search?q=Salt+Lake+City+UT+Walmart+customer+reviews&hl=en-US&gl=US&ceid=US:en,ok,8,
USR-041,Walmart,Salt Lake City,UT,local_news,google_news_retail,https://news.google.com/rss/search?q=Salt+Lake+City+UT+Walmart+retail+store&hl=en-US&gl=US&ceid=US:en,high,6,
USR-041,Walmart,Salt Lake City,UT,local_news,google_news_grocery,https://news.google.com/rss/search?q=Salt+Lake+City+UT+grocery+shopping+retail&hl=en-US&gl=US&ceid=US:en,high,6,
USR-041,Walmart,Salt Lake City,UT,local_news,google_news_local,https://news.google.com/rss/search?q=Salt+Lake+City+UT+retail+opening+OR+store+closing&hl=en-US&gl=US&ceid=US:en,high,5,
USR-041,Walmart,Salt Lake City,UT,local_news,bing_news_retail,https://www.bing.com/news/search?q=Salt+Lake+City+UT+Walmart+retail&format=rss,high,0,
USR-042,Target,Birmingham,AL,reviews,sitejabber,https://www.sitejabber.com/reviews/target.com,high,8,
USR-042,Target,Birmingham,AL,reviews,trustpilot,https://www.trustpilot.com/review/www.target.com,error,0,403 Client Error: Forbidden for url: https://www.trustpilot.com/review/www.target.com
USR-042,Target,Birmingham,AL,reviews,google_news_reviews,https://news.google.com/rss/search?q=Birmingham+AL+Target+customer+reviews&hl=en-US&gl=US&ceid=US:en,ok,8,
USR-042,Target,Birmingham,AL,local_news,google_news_retail,https://news.google.com/rss/search?q=Birmingham+AL+Target+retail+store&hl=en-US&gl=US&ceid=US:en,high,6,
USR-042,Target,Birmingham,AL,local_news,google_news_grocery,https://news.google.com/rss/search?q=Birmingham+AL+grocery+shopping+retail&hl=en-US&gl=US&ceid=US:en,high,6,
USR-042,Target,Birmingham,AL,local_news,google_news_local,https://news.google.com/rss/search?q=Birmingham+AL+retail+opening+OR+store+closing&hl=en-US&gl=US&ceid=US:en,high,6,
USR-042,Target,Birmingham,AL,local_news,bing_news_retail,https://www.bing.com/news/search?q=Birmingham+AL+Target+retail&format=rss,high,0,
USR-043,Kroger,Richmond,VA,reviews,sitejabber,https://www.sitejabber.com/reviews/kroger.com,high,8,
USR-043,Kroger,Richmond,VA,reviews,trustpilot,https://www.trustpilot.com/review/www.kroger.com,error,0,403 Client Error: Forbidden for url: https://www.trustpilot.com/review/www.kroger.com
USR-043,Kroger,Richmond,VA,reviews,google_news_reviews,https://news.google.com/rss/search?q=Richmond+VA+Kroger+customer+reviews&hl=en-US&gl=US&ceid=US:en,ok,5,
USR-043,Kroger,Richmond,VA,local_news,google_news_retail,https://news.google.com/rss/search?q=Richmond+VA+Kroger+retail+store&hl=en-US&gl=US&ceid=US:en,high,6,
USR-043,Kroger,Richmond,VA,local_news,google_news_grocery,https://news.google.com/rss/search?q=Richmond+VA+grocery+shopping+retail&hl=en-US&gl=US&ceid=US:en,high,3,
USR-043,Kroger,Richmond,VA,local_news,google_news_local,https://news.google.com/rss/search?q=Richmond+VA+retail+opening+OR+store+closing&hl=en-US&gl=US&ceid=US:en,high,5,
USR-043,Kroger,Richmond,VA,local_news,bing_news_retail,https://www.bing.com/news/search?q=Richmond+VA+Kroger+retail&format=rss,high,0,
USR-044,Costco,Boise,ID,reviews,sitejabber,https://www.sitejabber.com/reviews/costco.com,high,8,
USR-044,Costco,Boise,ID,reviews,trustpilot,https://www.trustpilot.com/review/www.costco.com,error,0,403 Client Error: Forbidden for url: https://www.trustpilot.com/review/www.costco.com
USR-044,Costco,Boise,ID,reviews,google_news_reviews,https://news.google.com/rss/search?q=Boise+ID+Costco+customer+reviews&hl=en-US&gl=US&ceid=US:en,ok,8,
USR-044,Costco,Boise,ID,local_news,google_news_retail,https://news.google.com/rss/search?q=Boise+ID+Costco+retail+store&hl=en-US&gl=US&ceid=US:en,high,6,
USR-044,Costco,Boise,ID,local_news,google_news_grocery,https://news.google.com/rss/search?q=Boise+ID+grocery+shopping+retail&hl=en-US&gl=US&ceid=US:en,high,6,
USR-044,Costco,Boise,ID,local_news,google_news_local,https://news.google.com/rss/search?q=Boise+ID+retail+opening+OR+store+closing&hl=en-US&gl=US&ceid=US:en,high,6,
USR-044,Costco,Boise,ID,local_news,bing_news_retail,https://www.bing.com/news/search?q=Boise+ID+Costco+retail&format=rss,high,0,
USR-045,Albertsons,Omaha,NE,reviews,sitejabber,https://www.sitejabber.com/reviews/albertsons.com,high,8,
USR-045,Albertsons,Omaha,NE,reviews,google_news_reviews,https://news.google.com/rss/search?q=Omaha+NE+Albertsons+customer+reviews&hl=en-US&gl=US&ceid=US:en,ok,2,
USR-045,Albertsons,Omaha,NE,local_news,google_news_retail,https://news.google.com/rss/search?q=Omaha+NE+Albertsons+retail+store&hl=en-US&gl=US&ceid=US:en,high,6,
USR-045,Albertsons,Omaha,NE,local_news,google_news_grocery,https://news.google.com/rss/search?q=Omaha+NE+grocery+shopping+retail&hl=en-US&gl=US&ceid=US:en,high,6,
USR-045,Albertsons,Omaha,NE,local_news,google_news_local,https://news.google.com/rss/search?q=Omaha+NE+retail+opening+OR+store+closing&hl=en-US&gl=US&ceid=US:en,high,6,
USR-045,Albertsons,Omaha,NE,local_news,bing_news_retail,https://www.bing.com/news/search?q=Omaha+NE+Albertsons+retail&format=rss,high,0,
USR-046,Publix,Oklahoma City,OK,reviews,sitejabber,https://www.sitejabber.com/reviews/publix.com,high,8,
USR-046,Publix,Oklahoma City,OK,reviews,google_news_reviews,https://news.google.com/rss/search?q=Oklahoma+City+OK+Publix+customer+reviews&hl=en-US&gl=US&ceid=US:en,high,0,
USR-046,Publix,Oklahoma City,OK,local_news,google_news_retail,https://news.google.com/rss/search?q=Oklahoma+City+OK+Publix+retail+store&hl=en-US&gl=US&ceid=US:en,high,6,
USR-046,Publix,Oklahoma City,OK,local_news,google_news_grocery,https://news.google.com/rss/search?q=Oklahoma+City+OK+grocery+shopping+retail&hl=en-US&gl=US&ceid=US:en,high,6,
USR-046,Publix,Oklahoma City,OK,local_news,google_news_local,https://news.google.com/rss/search?q=Oklahoma+City+OK+retail+opening+OR+store+closing&hl=en-US&gl=US&ceid=US:en,high,2,
USR-046,Publix,Oklahoma City,OK,local_news,bing_news_retail,https://www.bing.com/news/search?q=Oklahoma+City+OK+Publix+retail&format=rss,high,0,
USR-047,Whole Foods,Minneapolis,MN,reviews,sitejabber,https://www.sitejabber.com/reviews/amazon.com,high,8,
USR-047,Whole Foods,Minneapolis,MN,reviews,trustpilot,https://www.trustpilot.com/review/www.amazon.com,error,0,403 Client Error: Forbidden for url: https://www.trustpilot.com/review/www.amazon.com
USR-047,Whole Foods,Minneapolis,MN,reviews,google_news_reviews,https://news.google.com/rss/search?q=Minneapolis+MN+Whole+Foods+customer+reviews&hl=en-US&gl=US&ceid=US:en,ok,8,
USR-047,Whole Foods,Minneapolis,MN,local_news,google_news_retail,https://news.google.com/rss/search?q=Minneapolis+MN+Whole+Foods+retail+store&hl=en-US&gl=US&ceid=US:en,high,6,
USR-047,Whole Foods,Minneapolis,MN,local_news,google_news_grocery,https://news.google.com/rss/search?q=Minneapolis+MN+grocery+shopping+retail&hl=en-US&gl=US&ceid=US:en,high,6,
USR-047,Whole Foods,Minneapolis,MN,local_news,google_news_local,https://news.google.com/rss/search?q=Minneapolis+MN+retail+opening+OR+store+closing&hl=en-US&gl=US&ceid=US:en,high,6,
USR-047,Whole Foods,Minneapolis,MN,local_news,bing_news_retail,https://www.bing.com/news/search?q=Minneapolis+MN+Whole+Foods+retail&format=rss,high,0,
USR-048,CVS,Buffalo,NY,reviews,sitejabber,https://www.sitejabber.com/reviews/cvs.com,high,8,
USR-048,CVS,Buffalo,NY,reviews,google_news_reviews,https://news.google.com/rss/search?q=Buffalo+NY+CVS+customer+reviews&hl=en-US&gl=US&ceid=US:en,ok,2,
USR-048,CVS,Buffalo,NY,local_news,google_news_retail,https://news.google.com/rss/search?q=Buffalo+NY+CVS+retail+store&hl=en-US&gl=US&ceid=US:en,high,6,
USR-048,CVS,Buffalo,NY,local_news,google_news_grocery,https://news.google.com/rss/search?q=Buffalo+NY+grocery+shopping+retail&hl=en-US&gl=US&ceid=US:en,high,6,
USR-048,CVS,Buffalo,NY,local_news,google_news_local,https://news.google.com/rss/search?q=Buffalo+NY+retail+opening+OR+store+closing&hl=en-US&gl=US&ceid=US:en,high,6,
USR-048,CVS,Buffalo,NY,local_news,bing_news_retail,https://www.bing.com/news/search?q=Buffalo+NY+CVS+retail&format=rss,high,0,
USR-049,Walgreens,Rochester,NY,reviews,sitejabber,https://www.sitejabber.com/reviews/walgreens.com,high,8,
USR-049,Walgreens,Rochester,NY,reviews,google_news_reviews,https://news.google.com/rss/search?q=Rochester+NY+Walgreens+customer+reviews&hl=en-US&gl=US&ceid=US:en,ok,3,
USR-049,Walgreens,Rochester,NY,local_news,google_news_retail,https://news.google.com/rss/search?q=Rochester+NY+Walgreens+retail+store&hl=en-US&gl=US&ceid=US:en,high,6,
USR-049,Walgreens,Rochester,NY,local_news,google_news_grocery,https://news.google.com/rss/search?q=Rochester+NY+grocery+shopping+retail&hl=en-US&gl=US&ceid=US:en,high,6,
USR-049,Walgreens,Rochester,NY,local_news,google_news_local,https://news.google.com/rss/search?q=Rochester+NY+retail+opening+OR+store+closing&hl=en-US&gl=US&ceid=US:en,high,6,
USR-049,Walgreens,Rochester,NY,local_news,bing_news_retail,https://www.bing.com/news/search?q=Rochester+NY+Walgreens+retail&format=rss,high,0,
USR-050,Home Depot,Spokane,WA,reviews,sitejabber,https://www.sitejabber.com/reviews/homedepot.com,high,8,
USR-050,Home Depot,Spokane,WA,reviews,trustpilot,https://www.trustpilot.com/review/www.homedepot.com,error,0,403 Client Error: Forbidden for url: https://www.trustpilot.com/review/www.homedepot.com
USR-050,Home Depot,Spokane,WA,reviews,google_news_reviews,https://news.google.com/rss/search?q=Spokane+WA+Home+Depot+customer+reviews&hl=en-US&gl=US&ceid=US:en,ok,8,
USR-050,Home Depot,Spokane,WA,local_news,google_news_retail,https://news.google.com/rss/search?q=Spokane+WA+Home+Depot+retail+store&hl=en-US&gl=US&ceid=US:en,high,6,
USR-050,Home Depot,Spokane,WA,local_news,google_news_grocery,https://news.google.com/rss/search?q=Spokane+WA+grocery+shopping+retail&hl=en-US&gl=US&ceid=US:en,high,5,
USR-050,Home Depot,Spokane,WA,local_news,google_news_local,https://news.google.com/rss/search?q=Spokane+WA+retail+opening+OR+store+closing&hl=en-US&gl=US&ceid=US:en,high,6,
USR-050,Home Depot,Spokane,WA,local_news,bing_news_retail,https://www.bing.com/news/search?q=Spokane+WA+Home+Depot+retail&format=rss,high,3,
USR-051,Lowe's,Tulsa,OK,reviews,sitejabber,https://www.sitejabber.com/reviews/lowes.com,high,8,
USR-051,Lowe's,Tulsa,OK,reviews,google_news_reviews,https://news.google.com/rss/search?q=Tulsa+OK+Lowe%27s+customer+reviews&hl=en-US&gl=US&ceid=US:en,ok,4,
USR-051,Lowe's,Tulsa,OK,local_news,google_news_retail,https://news.google.com/rss/search?q=Tulsa+OK+Lowe%27s+retail+store&hl=en-US&gl=US&ceid=US:en,high,6,
USR-051,Lowe's,Tulsa,OK,local_news,google_news_grocery,https://news.google.com/rss/search?q=Tulsa+OK+grocery+shopping+retail&hl=en-US&gl=US&ceid=US:en,high,6,
USR-051,Lowe's,Tulsa,OK,local_news,google_news_local,https://news.google.com/rss/search?q=Tulsa+OK+retail+opening+OR+store+closing&hl=en-US&gl=US&ceid=US:en,high,6,
USR-051,Lowe's,Tulsa,OK,local_news,bing_news_retail,https://www.bing.com/news/search?q=Tulsa+OK+Lowe%27s+retail&format=rss,high,0,
USR-052,Best Buy,Honolulu,HI,reviews,sitejabber,https://www.sitejabber.com/reviews/bestbuy.com,high,8,
USR-052,Best Buy,Honolulu,HI,reviews,google_news_reviews,https://news.google.com/rss/search?q=Honolulu+HI+Best+Buy+customer+reviews&hl=en-US&gl=US&ceid=US:en,ok,8,
USR-052,Best Buy,Honolulu,HI,local_news,google_news_retail,https://news.google.com/rss/search?q=Honolulu+HI+Best+Buy+retail+store&hl=en-US&gl=US&ceid=US:en,high,6,
USR-052,Best Buy,Honolulu,HI,local_news,google_news_grocery,https://news.google.com/rss/search?q=Honolulu+HI+grocery+shopping+retail&hl=en-US&gl=US&ceid=US:en,high,5,
USR-052,Best Buy,Honolulu,HI,local_news,google_news_local,https://news.google.com/rss/search?q=Honolulu+HI+retail+opening+OR+store+closing&hl=en-US&gl=US&ceid=US:en,high,6,
USR-052,Best Buy,Honolulu,HI,local_news,bing_news_retail,https://www.bing.com/news/search?q=Honolulu+HI+Best+Buy+retail&format=rss,high,0,
USR-053,Dollar General,New York,NY,reviews,sitejabber,https://www.sitejabber.com/reviews/dollargeneral.com,high,8,
USR-053,Dollar General,New York,NY,reviews,google_news_reviews,https://news.google.com/rss/search?q=New+York+NY+Dollar+General+customer+reviews&hl=en-US&gl=US&ceid=US:en,ok,8,
USR-053,Dollar General,New York,NY,local_news,google_news_retail,https://news.google.com/rss/search?q=New+York+NY+Dollar+General+retail+store&hl=en-US&gl=US&ceid=US:en,high,6,
USR-053,Dollar General,New York,NY,local_news,google_news_grocery,https://news.google.com/rss/search?q=New+York+NY+grocery+shopping+retail&hl=en-US&gl=US&ceid=US:en,high,6,
USR-053,Dollar General,New York,NY,local_news,google_news_local,https://news.google.com/rss/search?q=New+York+NY+retail+opening+OR+store+closing&hl=en-US&gl=US&ceid=US:en,high,6,
USR-053,Dollar General,New York,NY,local_news,bing_news_retail,https://www.bing.com/news/search?q=New+York+NY+Dollar+General+retail&format=rss,high,2,
USR-054,Sam's Club,Los Angeles,CA,reviews,sitejabber,https://www.sitejabber.com/reviews/samsclub.com,high,8,
USR-054,Sam's Club,Los Angeles,CA,reviews,google_news_reviews,https://news.google.com/rss/search?q=Los+Angeles+CA+Sam%27s+Club+customer+reviews&hl=en-US&gl=US&ceid=US:en,ok,8,
USR-054,Sam's Club,Los Angeles,CA,local_news,google_news_retail,https://news.google.com/rss/search?q=Los+Angeles+CA+Sam%27s+Club+retail+store&hl=en-US&gl=US&ceid=US:en,high,6,
USR-054,Sam's Club,Los Angeles,CA,local_news,google_news_grocery,https://news.google.com/rss/search?q=Los+Angeles+CA+grocery+shopping+retail&hl=en-US&gl=US&ceid=US:en,high,6,
USR-054,Sam's Club,Los Angeles,CA,local_news,google_news_local,https://news.google.com/rss/search?q=Los+Angeles+CA+retail+opening+OR+store+closing&hl=en-US&gl=US&ceid=US:en,high,6,
USR-054,Sam's Club,Los Angeles,CA,local_news,bing_news_retail,https://www.bing.com/news/search?q=Los+Angeles+CA+Sam%27s+Club+retail&format=rss,high,2,
USR-055,Aldi,Chicago,IL,reviews,sitejabber,https://www.sitejabber.com/reviews/aldi.us,high,8,
USR-055,Aldi,Chicago,IL,reviews,google_news_reviews,https://news.google.com/rss/search?q=Chicago+IL+Aldi+customer+reviews&hl=en-US&gl=US&ceid=US:en,ok,8,
USR-055,Aldi,Chicago,IL,local_news,google_news_retail,https://news.google.com/rss/search?q=Chicago+IL+Aldi+retail+store&hl=en-US&gl=US&ceid=US:en,high,6,
USR-055,Aldi,Chicago,IL,local_news,google_news_grocery,https://news.google.com/rss/search?q=Chicago+IL+grocery+shopping+retail&hl=en-US&gl=US&ceid=US:en,high,6,
USR-055,Aldi,Chicago,IL,local_news,google_news_local,https://news.google.com/rss/search?q=Chicago+IL+retail+opening+OR+store+closing&hl=en-US&gl=US&ceid=US:en,high,3,
USR-055,Aldi,Chicago,IL,local_news,bing_news_retail,https://www.bing.com/news/search?q=Chicago+IL+Aldi+retail&format=rss,high,1,
USR-056,H-E-B,Houston,TX,reviews,sitejabber,https://www.sitejabber.com/reviews/heb.com,high,8,
USR-056,H-E-B,Houston,TX,reviews,google_news_reviews,https://news.google.com/rss/search?q=Houston+TX+H-E-B+customer+reviews&hl=en-US&gl=US&ceid=US:en,ok,8,
USR-056,H-E-B,Houston,TX,local_news,google_news_retail,https://news.google.com/rss/search?q=Houston+TX+H-E-B+retail+store&hl=en-US&gl=US&ceid=US:en,high,6,
USR-056,H-E-B,Houston,TX,local_news,google_news_grocery,https://news.google.com/rss/search?q=Houston+TX+grocery+shopping+retail&hl=en-US&gl=US&ceid=US:en,high,5,
USR-056,H-E-B,Houston,TX,local_news,google_news_local,https://news.google.com/rss/search?q=Houston+TX+retail+opening+OR+store+closing&hl=en-US&gl=US&ceid=US:en,high,4,
USR-056,H-E-B,Houston,TX,local_news,bing_news_retail,https://www.bing.com/news/search?q=Houston+TX+H-E-B+retail&format=rss,high,6,
USR-057,Meijer,Phoenix,AZ,reviews,sitejabber,https://www.sitejabber.com/reviews/meijer.com,high,8,
USR-057,Meijer,Phoenix,AZ,reviews,google_news_reviews,https://news.google.com/rss/search?q=Phoenix+AZ+Meijer+customer+reviews&hl=en-US&gl=US&ceid=US:en,high,0,
USR-057,Meijer,Phoenix,AZ,local_news,google_news_retail,https://news.google.com/rss/search?q=Phoenix+AZ+Meijer+retail+store&hl=en-US&gl=US&ceid=US:en,high,6,
USR-057,Meijer,Phoenix,AZ,local_news,google_news_grocery,https://news.google.com/rss/search?q=Phoenix+AZ+grocery+shopping+retail&hl=en-US&gl=US&ceid=US:en,high,6,
USR-057,Meijer,Phoenix,AZ,local_news,google_news_local,https://news.google.com/rss/search?q=Phoenix+AZ+retail+opening+OR+store+closing&hl=en-US&gl=US&ceid=US:en,high,5,
USR-057,Meijer,Phoenix,AZ,local_news,bing_news_retail,https://www.bing.com/news/search?q=Phoenix+AZ+Meijer+retail&format=rss,high,0,
USR-058,Safeway,Philadelphia,PA,reviews,sitejabber,https://www.sitejabber.com/reviews/safeway.com,high,8,
USR-058,Safeway,Philadelphia,PA,reviews,google_news_reviews,https://news.google.com/rss/search?q=Philadelphia+PA+Safeway+customer+reviews&hl=en-US&gl=US&ceid=US:en,ok,6,
USR-058,Safeway,Philadelphia,PA,local_news,google_news_retail,https://news.google.com/rss/search?q=Philadelphia+PA+Safeway+retail+store&hl=en-US&gl=US&ceid=US:en,high,6,
USR-058,Safeway,Philadelphia,PA,local_news,google_news_grocery,https://news.google.com/rss/search?q=Philadelphia+PA+grocery+shopping+retail&hl=en-US&gl=US&ceid=US:en,high,6,
USR-058,Safeway,Philadelphia,PA,local_news,google_news_local,https://news.google.com/rss/search?q=Philadelphia+PA+retail+opening+OR+store+closing&hl=en-US&gl=US&ceid=US:en,high,6,
USR-058,Safeway,Philadelphia,PA,local_news,bing_news_retail,https://www.bing.com/news/search?q=Philadelphia+PA+Safeway+retail&format=rss,high,0,
USR-059,Sprouts,San Antonio,TX,reviews,sitejabber,https://www.sitejabber.com/reviews/sprouts.com,high,1,
USR-059,Sprouts,San Antonio,TX,reviews,google_news_reviews,https://news.google.com/rss/search?q=San+Antonio+TX+Sprouts+customer+reviews&hl=en-US&gl=US&ceid=US:en,ok,6,
USR-059,Sprouts,San Antonio,TX,local_news,google_news_retail,https://news.google.com/rss/search?q=San+Antonio+TX+Sprouts+retail+store&hl=en-US&gl=US&ceid=US:en,high,6,
USR-059,Sprouts,San Antonio,TX,local_news,google_news_grocery,https://news.google.com/rss/search?q=San+Antonio+TX+grocery+shopping+retail&hl=en-US&gl=US&ceid=US:en,high,6,
USR-059,Sprouts,San Antonio,TX,local_news,google_news_local,https://news.google.com/rss/search?q=San+Antonio+TX+retail+opening+OR+store+closing&hl=en-US&gl=US&ceid=US:en,high,6,
USR-059,Sprouts,San Antonio,TX,local_news,bing_news_retail,https://www.bing.com/news/search?q=San+Antonio+TX+Sprouts+retail&format=rss,high,3,
USR-060,Trader Joe's,San Diego,CA,reviews,sitejabber,https://www.sitejabber.com/reviews/traderjoes.com,high,8,
USR-060,Trader Joe's,San Diego,CA,reviews,google_news_reviews,https://news.google.com/rss/search?q=San+Diego+CA+Trader+Joe%27s+customer+reviews&hl=en-US&gl=US&ceid=US:en,ok,8,
USR-060,Trader Joe's,San Diego,CA,local_news,google_news_retail,https://news.google.com/rss/search?q=San+Diego+CA+Trader+Joe%27s+retail+store&hl=en-US&gl=US&ceid=US:en,high,6,
USR-060,Trader Joe's,San Diego,CA,local_news,google_news_grocery,https://news.google.com/rss/search?q=San+Diego+CA+grocery+shopping+retail&hl=en-US&gl=US&ceid=US:en,high,6,
USR-060,Trader Joe's,San Diego,CA,local_news,google_news_local,https://news.google.com/rss/search?q=San+Diego+CA+retail+opening+OR+store+closing&hl=en-US&gl=US&ceid=US:en,high,6,
USR-060,Trader Joe's,San Diego,CA,local_news,bing_news_retail,https://www.bing.com/news/search?q=San+Diego+CA+Trader+Joe%27s+retail&format=rss,high,0,
USR-061,Walmart,Dallas,TX,reviews,sitejabber,https://www.sitejabber.com/reviews/walmart.com,high,8,
USR-061,Walmart,Dallas,TX,reviews,trustpilot,https://www.trustpilot.com/review/www.walmart.com,error,0,403 Client Error: Forbidden for url: https://www.trustpilot.com/review/www.walmart.com
USR-061,Walmart,Dallas,TX,reviews,google_news_reviews,https://news.google.com/rss/search?q=Dallas+TX+Walmart+customer+reviews&hl=en-US&gl=US&ceid=US:en,ok,8,
USR-061,Walmart,Dallas,TX,local_news,google_news_retail,https://news.google.com/rss/search?q=Dallas+TX+Walmart+retail+store&hl=en-US&gl=US&ceid=US:en,high,6,
USR-061,Walmart,Dallas,TX,local_news,google_news_grocery,https://news.google.com/rss/search?q=Dallas+TX+grocery+shopping+retail&hl=en-US&gl=US&ceid=US:en,high,6,
USR-061,Walmart,Dallas,TX,local_news,google_news_local,https://news.google.com/rss/search?q=Dallas+TX+retail+opening+OR+store+closing&hl=en-US&gl=US&ceid=US:en,high,5,
USR-061,Walmart,Dallas,TX,local_news,bing_news_retail,https://www.bing.com/news/search?q=Dallas+TX+Walmart+retail&format=rss,high,3,
USR-062,Target,Austin,TX,reviews,sitejabber,https://www.sitejabber.com/reviews/target.com,high,8,
USR-062,Target,Austin,TX,reviews,trustpilot,https://www.trustpilot.com/review/www.target.com,error,0,403 Client Error: Forbidden for url: https://www.trustpilot.com/review/www.target.com
USR-062,Target,Austin,TX,reviews,google_news_reviews,https://news.google.com/rss/search?q=Austin+TX+Target+customer+reviews&hl=en-US&gl=US&ceid=US:en,ok,8,
USR-062,Target,Austin,TX,local_news,google_news_retail,https://news.google.com/rss/search?q=Austin+TX+Target+retail+store&hl=en-US&gl=US&ceid=US:en,high,6,
USR-062,Target,Austin,TX,local_news,google_news_grocery,https://news.google.com/rss/search?q=Austin+TX+grocery+shopping+retail&hl=en-US&gl=US&ceid=US:en,high,6,
USR-062,Target,Austin,TX,local_news,google_news_local,https://news.google.com/rss/search?q=Austin+TX+retail+opening+OR+store+closing&hl=en-US&gl=US&ceid=US:en,high,5,
USR-062,Target,Austin,TX,local_news,bing_news_retail,https://www.bing.com/news/search?q=Austin+TX+Target+retail&format=rss,high,2,
USR-063,Kroger,Jacksonville,FL,reviews,sitejabber,https://www.sitejabber.com/reviews/kroger.com,high,8,
USR-063,Kroger,Jacksonville,FL,reviews,trustpilot,https://www.trustpilot.com/review/www.kroger.com,error,0,403 Client Error: Forbidden for url: https://www.trustpilot.com/review/www.kroger.com
USR-063,Kroger,Jacksonville,FL,reviews,google_news_reviews,https://news.google.com/rss/search?q=Jacksonville+FL+Kroger+customer+reviews&hl=en-US&gl=US&ceid=US:en,ok,6,
USR-063,Kroger,Jacksonville,FL,local_news,google_news_retail,https://news.google.com/rss/search?q=Jacksonville+FL+Kroger+retail+store&hl=en-US&gl=US&ceid=US:en,high,6,
USR-063,Kroger,Jacksonville,FL,local_news,google_news_grocery,https://news.google.com/rss/search?q=Jacksonville+FL+grocery+shopping+retail&hl=en-US&gl=US&ceid=US:en,high,5,
USR-063,Kroger,Jacksonville,FL,local_news,google_news_local,https://news.google.com/rss/search?q=Jacksonville+FL+retail+opening+OR+store+closing&hl=en-US&gl=US&ceid=US:en,high,5,
USR-063,Kroger,Jacksonville,FL,local_news,bing_news_retail,https://www.bing.com/news/search?q=Jacksonville+FL+Kroger+retail&format=rss,high,1,
USR-064,Costco,Fort Worth,TX,reviews,sitejabber,https://www.sitejabber.com/reviews/costco.com,high,8,
USR-064,Costco,Fort Worth,TX,reviews,trustpilot,https://www.trustpilot.com/review/www.costco.com,error,0,403 Client Error: Forbidden for url: https://www.trustpilot.com/review/www.costco.com
USR-064,Costco,Fort Worth,TX,reviews,google_news_reviews,https://news.google.com/rss/search?q=Fort+Worth+TX+Costco+customer+reviews&hl=en-US&gl=US&ceid=US:en,ok,8,
USR-064,Costco,Fort Worth,TX,local_news,google_news_retail,https://news.google.com/rss/search?q=Fort+Worth+TX+Costco+retail+store&hl=en-US&gl=US&ceid=US:en,high,6,
USR-064,Costco,Fort Worth,TX,local_news,google_news_grocery,https://news.google.com/rss/search?q=Fort+Worth+TX+grocery+shopping+retail&hl=en-US&gl=US&ceid=US:en,high,6,
USR-064,Costco,Fort Worth,TX,local_news,google_news_local,https://news.google.com/rss/search?q=Fort+Worth+TX+retail+opening+OR+store+closing&hl=en-US&gl=US&ceid=US:en,high,6,
USR-064,Costco,Fort Worth,TX,local_news,bing_news_retail,https://www.bing.com/news/search?q=Fort+Worth+TX+Costco+retail&format=rss,high,2,
USR-065,Albertsons,Columbus,OH,reviews,sitejabber,https://www.sitejabber.com/reviews/albertsons.com,high,8,
USR-065,Albertsons,Columbus,OH,reviews,google_news_reviews,https://news.google.com/rss/search?q=Columbus+OH+Albertsons+customer+reviews&hl=en-US&gl=US&ceid=US:en,ok,1,
USR-065,Albertsons,Columbus,OH,local_news,google_news_retail,https://news.google.com/rss/search?q=Columbus+OH+Albertsons+retail+store&hl=en-US&gl=US&ceid=US:en,high,6,
USR-065,Albertsons,Columbus,OH,local_news,google_news_grocery,https://news.google.com/rss/search?q=Columbus+OH+grocery+shopping+retail&hl=en-US&gl=US&ceid=US:en,high,6,
USR-065,Albertsons,Columbus,OH,local_news,google_news_local,https://news.google.com/rss/search?q=Columbus+OH+retail+opening+OR+store+closing&hl=en-US&gl=US&ceid=US:en,high,5,
USR-065,Albertsons,Columbus,OH,local_news,bing_news_retail,https://www.bing.com/news/search?q=Columbus+OH+Albertsons+retail&format=rss,high,0,
USR-066,Publix,Charlotte,NC,reviews,sitejabber,https://www.sitejabber.com/reviews/publix.com,high,8,
USR-066,Publix,Charlotte,NC,reviews,google_news_reviews,https://news.google.com/rss/search?q=Charlotte+NC+Publix+customer+reviews&hl=en-US&gl=US&ceid=US:en,ok,6,
USR-066,Publix,Charlotte,NC,local_news,google_news_retail,https://news.google.com/rss/search?q=Charlotte+NC+Publix+retail+store&hl=en-US&gl=US&ceid=US:en,high,6,
USR-066,Publix,Charlotte,NC,local_news,google_news_grocery,https://news.google.com/rss/search?q=Charlotte+NC+grocery+shopping+retail&hl=en-US&gl=US&ceid=US:en,high,6,
USR-066,Publix,Charlotte,NC,local_news,google_news_local,https://news.google.com/rss/search?q=Charlotte+NC+retail+opening+OR+store+closing&hl=en-US&gl=US&ceid=US:en,high,6,
USR-066,Publix,Charlotte,NC,local_news,bing_news_retail,https://www.bing.com/news/search?q=Charlotte+NC+Publix+retail&format=rss,high,2,
USR-067,Whole Foods,Indianapolis,IN,reviews,sitejabber,https://www.sitejabber.com/reviews/amazon.com,high,8,
USR-067,Whole Foods,Indianapolis,IN,reviews,trustpilot,https://www.trustpilot.com/review/www.amazon.com,error,0,403 Client Error: Forbidden for url: https://www.trustpilot.com/review/www.amazon.com
USR-067,Whole Foods,Indianapolis,IN,reviews,google_news_reviews,https://news.google.com/rss/search?q=Indianapolis+IN+Whole+Foods+customer+reviews&hl=en-US&gl=US&ceid=US:en,ok,8,
USR-067,Whole Foods,Indianapolis,IN,local_news,google_news_retail,https://news.google.com/rss/search?q=Indianapolis+IN+Whole+Foods+retail+store&hl=en-US&gl=US&ceid=US:en,high,6,
USR-067,Whole Foods,Indianapolis,IN,local_news,google_news_grocery,https://news.google.com/rss/search?q=Indianapolis+IN+grocery+shopping+retail&hl=en-US&gl=US&ceid=US:en,high,6,
USR-067,Whole Foods,Indianapolis,IN,local_news,google_news_local,https://news.google.com/rss/search?q=Indianapolis+IN+retail+opening+OR+store+closing&hl=en-US&gl=US&ceid=US:en,high,5,
USR-067,Whole Foods,Indianapolis,IN,local_news,bing_news_retail,https://www.bing.com/news/search?q=Indianapolis+IN+Whole+Foods+retail&format=rss,high,4,
USR-068,CVS,Seattle,WA,reviews,sitejabber,https://www.sitejabber.com/reviews/cvs.com,high,8,
USR-068,CVS,Seattle,WA,reviews,google_news_reviews,https://news.google.com/rss/search?q=Seattle+WA+CVS+customer+reviews&hl=en-US&gl=US&ceid=US:en,ok,8,
USR-068,CVS,Seattle,WA,local_news,google_news_retail,https://news.google.com/rss/search?q=Seattle+WA+CVS+retail+store&hl=en-US&gl=US&ceid=US:en,high,6,
USR-068,CVS,Seattle,WA,local_news,google_news_grocery,https://news.google.com/rss/search?q=Seattle+WA+grocery+shopping+retail&hl=en-US&gl=US&ceid=US:en,high,6,
USR-068,CVS,Seattle,WA,local_news,google_news_local,https://news.google.com/rss/search?q=Seattle+WA+retail+opening+OR+store+closing&hl=en-US&gl=US&ceid=US:en,high,3,
USR-068,CVS,Seattle,WA,local_news,bing_news_retail,https://www.bing.com/news/search?q=Seattle+WA+CVS+retail&format=rss,high,0,
USR-069,Walgreens,Denver,CO,reviews,sitejabber,https://www.sitejabber.com/reviews/walgreens.com,high,8,
USR-069,Walgreens,Denver,CO,reviews,google_news_reviews,https://news.google.com/rss/search?q=Denver+CO+Walgreens+customer+reviews&hl=en-US&gl=US&ceid=US:en,ok,6,
USR-069,Walgreens,Denver,CO,local_news,google_news_retail,https://news.google.com/rss/search?q=Denver+CO+Walgreens+retail+store&hl=en-US&gl=US&ceid=US:en,high,6,
USR-069,Walgreens,Denver,CO,local_news,google_news_grocery,https://news.google.com/rss/search?q=Denver+CO+grocery+shopping+retail&hl=en-US&gl=US&ceid=US:en,high,6,
USR-069,Walgreens,Denver,CO,local_news,google_news_local,https://news.google.com/rss/search?q=Denver+CO+retail+opening+OR+store+closing&hl=en-US&gl=US&ceid=US:en,high,6,
USR-069,Walgreens,Denver,CO,local_news,bing_news_retail,https://www.bing.com/news/search?q=Denver+CO+Walgreens+retail&format=rss,high,0,
USR-070,Home Depot,Boston,MA,reviews,sitejabber,https://www.sitejabber.com/reviews/homedepot.com,high,8,
USR-070,Home Depot,Boston,MA,reviews,trustpilot,https://www.trustpilot.com/review/www.homedepot.com,error,0,403 Client Error: Forbidden for url: https://www.trustpilot.com/review/www.homedepot.com
USR-070,Home Depot,Boston,MA,reviews,google_news_reviews,https://news.google.com/rss/search?q=Boston+MA+Home+Depot+customer+reviews&hl=en-US&gl=US&ceid=US:en,ok,8,
USR-070,Home Depot,Boston,MA,local_news,google_news_retail,https://news.google.com/rss/search?q=Boston+MA+Home+Depot+retail+store&hl=en-US&gl=US&ceid=US:en,high,6,
USR-070,Home Depot,Boston,MA,local_news,google_news_grocery,https://news.google.com/rss/search?q=Boston+MA+grocery+shopping+retail&hl=en-US&gl=US&ceid=US:en,high,6,
USR-070,Home Depot,Boston,MA,local_news,google_news_local,https://news.google.com/rss/search?q=Boston+MA+retail+opening+OR+store+closing&hl=en-US&gl=US&ceid=US:en,high,4,
USR-070,Home Depot,Boston,MA,local_news,bing_news_retail,https://www.bing.com/news/search?q=Boston+MA+Home+Depot+retail&format=rss,high,3,
USR-071,Lowe's,Nashville,TN,reviews,sitejabber,https://www.sitejabber.com/reviews/lowes.com,high,8,
USR-071,Lowe's,Nashville,TN,reviews,google_news_reviews,https://news.google.com/rss/search?q=Nashville+TN+Lowe%27s+customer+reviews&hl=en-US&gl=US&ceid=US:en,ok,1,
USR-071,Lowe's,Nashville,TN,local_news,google_news_retail,https://news.google.com/rss/search?q=Nashville+TN+Lowe%27s+retail+store&hl=en-US&gl=US&ceid=US:en,high,6,
USR-071,Lowe's,Nashville,TN,local_news,google_news_grocery,https://news.google.com/rss/search?q=Nashville+TN+grocery+shopping+retail&hl=en-US&gl=US&ceid=US:en,high,6,
USR-071,Lowe's,Nashville,TN,local_news,google_news_local,https://news.google.com/rss/search?q=Nashville+TN+retail+opening+OR+store+closing&hl=en-US&gl=US&ceid=US:en,high,6,
USR-071,Lowe's,Nashville,TN,local_news,bing_news_retail,https://www.bing.com/news/search?q=Nashville+TN+Lowe%27s+retail&format=rss,high,0,
USR-072,Best Buy,Detroit,MI,reviews,sitejabber,https://www.sitejabber.com/reviews/bestbuy.com,high,8,
USR-072,Best Buy,Detroit,MI,reviews,google_news_reviews,https://news.google.com/rss/search?q=Detroit+MI+Best+Buy+customer+reviews&hl=en-US&gl=US&ceid=US:en,ok,8,
USR-072,Best Buy,Detroit,MI,local_news,google_news_retail,https://news.google.com/rss/search?q=Detroit+MI+Best+Buy+retail+store&hl=en-US&gl=US&ceid=US:en,high,6,
USR-072,Best Buy,Detroit,MI,local_news,google_news_grocery,https://news.google.com/rss/search?q=Detroit+MI+grocery+shopping+retail&hl=en-US&gl=US&ceid=US:en,high,6,
USR-072,Best Buy,Detroit,MI,local_news,google_news_local,https://news.google.com/rss/search?q=Detroit+MI+retail+opening+OR+store+closing&hl=en-US&gl=US&ceid=US:en,high,5,
USR-072,Best Buy,Detroit,MI,local_news,bing_news_retail,https://www.bing.com/news/search?q=Detroit+MI+Best+Buy+retail&format=rss,high,0,
USR-073,Dollar General,Portland,OR,reviews,sitejabber,https://www.sitejabber.com/reviews/dollargeneral.com,high,8,
USR-073,Dollar General,Portland,OR,reviews,google_news_reviews,https://news.google.com/rss/search?q=Portland+OR+Dollar+General+customer+reviews&hl=en-US&gl=US&ceid=US:en,ok,8,
USR-073,Dollar General,Portland,OR,local_news,google_news_retail,https://news.google.com/rss/search?q=Portland+OR+Dollar+General+retail+store&hl=en-US&gl=US&ceid=US:en,high,6,
USR-073,Dollar General,Portland,OR,local_news,google_news_grocery,https://news.google.com/rss/search?q=Portland+OR+grocery+shopping+retail&hl=en-US&gl=US&ceid=US:en,high,6,
USR-073,Dollar General,Portland,OR,local_news,google_news_local,https://news.google.com/rss/search?q=Portland+OR+retail+opening+OR+store+closing&hl=en-US&gl=US&ceid=US:en,high,6,
USR-073,Dollar General,Portland,OR,local_news,bing_news_retail,https://www.bing.com/news/search?q=Portland+OR+Dollar+General+retail&format=rss,high,0,
USR-074,Sam's Club,Memphis,TN,reviews,sitejabber,https://www.sitejabber.com/reviews/samsclub.com,high,8,
USR-074,Sam's Club,Memphis,TN,reviews,google_news_reviews,https://news.google.com/rss/search?q=Memphis+TN+Sam%27s+Club+customer+reviews&hl=en-US&gl=US&ceid=US:en,ok,5,
USR-074,Sam's Club,Memphis,TN,local_news,google_news_retail,https://news.google.com/rss/search?q=Memphis+TN+Sam%27s+Club+retail+store&hl=en-US&gl=US&ceid=US:en,high,6,
USR-074,Sam's Club,Memphis,TN,local_news,google_news_grocery,https://news.google.com/rss/search?q=Memphis+TN+grocery+shopping+retail&hl=en-US&gl=US&ceid=US:en,high,6,
USR-074,Sam's Club,Memphis,TN,local_news,google_news_local,https://news.google.com/rss/search?q=Memphis+TN+retail+opening+OR+store+closing&hl=en-US&gl=US&ceid=US:en,high,6,
USR-074,Sam's Club,Memphis,TN,local_news,bing_news_retail,https://www.bing.com/news/search?q=Memphis+TN+Sam%27s+Club+retail&format=rss,high,5,
USR-075,Aldi,Louisville,KY,reviews,sitejabber,https://www.sitejabber.com/reviews/aldi.us,high,8,
USR-075,Aldi,Louisville,KY,reviews,google_news_reviews,https://news.google.com/rss/search?q=Louisville+KY+Aldi+customer+reviews&hl=en-US&gl=US&ceid=US:en,ok,2,
USR-075,Aldi,Louisville,KY,local_news,google_news_retail,https://news.google.com/rss/search?q=Louisville+KY+Aldi+retail+store&hl=en-US&gl=US&ceid=US:en,high,6,
USR-075,Aldi,Louisville,KY,local_news,google_news_grocery,https://news.google.com/rss/search?q=Louisville+KY+grocery+shopping+retail&hl=en-US&gl=US&ceid=US:en,high,5,
USR-075,Aldi,Louisville,KY,local_news,google_news_local,https://news.google.com/rss/search?q=Louisville+KY+retail+opening+OR+store+closing&hl=en-US&gl=US&ceid=US:en,high,6,
USR-075,Aldi,Louisville,KY,local_news,bing_news_retail,https://www.bing.com/news/search?q=Louisville+KY+Aldi+retail&format=rss,high,0,
USR-076,H-E-B,Baltimore,MD,reviews,sitejabber,https://www.sitejabber.com/reviews/heb.com,high,8,
USR-076,H-E-B,Baltimore,MD,reviews,google_news_reviews,https://news.google.com/rss/search?q=Baltimore+MD+H-E-B+customer+reviews&hl=en-US&gl=US&ceid=US:en,ok,1,
USR-076,H-E-B,Baltimore,MD,local_news,google_news_retail,https://news.google.com/rss/search?q=Baltimore+MD+H-E-B+retail+store&hl=en-US&gl=US&ceid=US:en,high,6,
USR-076,H-E-B,Baltimore,MD,local_news,google_news_grocery,https://news.google.com/rss/search?q=Baltimore+MD+grocery+shopping+retail&hl=en-US&gl=US&ceid=US:en,high,6,
USR-076,H-E-B,Baltimore,MD,local_news,google_news_local,https://news.google.com/rss/search?q=Baltimore+MD+retail+opening+OR+store+closing&hl=en-US&gl=US&ceid=US:en,high,6,
USR-076,H-E-B,Baltimore,MD,local_news,bing_news_retail,https://www.bing.com/news/search?q=Baltimore+MD+H-E-B+retail&format=rss,high,0,
USR-077,Meijer,Milwaukee,WI,reviews,sitejabber,https://www.sitejabber.com/reviews/meijer.com,high,8,
USR-077,Meijer,Milwaukee,WI,reviews,google_news_reviews,https://news.google.com/rss/search?q=Milwaukee+WI+Meijer+customer+reviews&hl=en-US&gl=US&ceid=US:en,ok,2,
USR-077,Meijer,Milwaukee,WI,local_news,google_news_retail,https://news.google.com/rss/search?q=Milwaukee+WI+Meijer+retail+store&hl=en-US&gl=US&ceid=US:en,high,6,
USR-077,Meijer,Milwaukee,WI,local_news,google_news_grocery,https://news.google.com/rss/search?q=Milwaukee+WI+grocery+shopping+retail&hl=en-US&gl=US&ceid=US:en,high,5,
USR-077,Meijer,Milwaukee,WI,local_news,google_news_local,https://news.google.com/rss/search?q=Milwaukee+WI+retail+opening+OR+store+closing&hl=en-US&gl=US&ceid=US:en,high,4,
USR-077,Meijer,Milwaukee,WI,local_news,bing_news_retail,https://www.bing.com/news/search?q=Milwaukee+WI+Meijer+retail&format=rss,high,0,
USR-078,Safeway,Albuquerque,NM,reviews,sitejabber,https://www.sitejabber.com/reviews/safeway.com,high,8,
USR-078,Safeway,Albuquerque,NM,reviews,google_news_reviews,https://news.google.com/rss/search?q=Albuquerque+NM+Safeway+customer+reviews&hl=en-US&gl=US&ceid=US:en,high,0,
USR-078,Safeway,Albuquerque,NM,local_news,google_news_retail,https://news.google.com/rss/search?q=Albuquerque+NM+Safeway+retail+store&hl=en-US&gl=US&ceid=US:en,high,6,
USR-078,Safeway,Albuquerque,NM,local_news,google_news_grocery,https://news.google.com/rss/search?q=Albuquerque+NM+grocery+shopping+retail&hl=en-US&gl=US&ceid=US:en,high,6,
USR-078,Safeway,Albuquerque,NM,local_news,google_news_local,https://news.google.com/rss/search?q=Albuquerque+NM+retail+opening+OR+store+closing&hl=en-US&gl=US&ceid=US:en,high,6,
USR-078,Safeway,Albuquerque,NM,local_news,bing_news_retail,https://www.bing.com/news/search?q=Albuquerque+NM+Safeway+retail&format=rss,high,0,
USR-079,Sprouts,Tucson,AZ,reviews,sitejabber,https://www.sitejabber.com/reviews/sprouts.com,high,1,
USR-079,Sprouts,Tucson,AZ,reviews,google_news_reviews,https://news.google.com/rss/search?q=Tucson+AZ+Sprouts+customer+reviews&hl=en-US&gl=US&ceid=US:en,ok,4,
USR-079,Sprouts,Tucson,AZ,local_news,google_news_retail,https://news.google.com/rss/search?q=Tucson+AZ+Sprouts+retail+store&hl=en-US&gl=US&ceid=US:en,high,6,
USR-079,Sprouts,Tucson,AZ,local_news,google_news_grocery,https://news.google.com/rss/search?q=Tucson+AZ+grocery+shopping+retail&hl=en-US&gl=US&ceid=US:en,high,6,
USR-079,Sprouts,Tucson,AZ,local_news,google_news_local,https://news.google.com/rss/search?q=Tucson+AZ+retail+opening+OR+store+closing&hl=en-US&gl=US&ceid=US:en,high,5,
USR-079,Sprouts,Tucson,AZ,local_news,bing_news_retail,https://www.bing.com/news/search?q=Tucson+AZ+Sprouts+retail&format=rss,high,0,
USR-080,Trader Joe's,Fresno,CA,reviews,sitejabber,https://www.sitejabber.com/reviews/traderjoes.com,high,8,
USR-080,Trader Joe's,Fresno,CA,reviews,google_news_reviews,https://news.google.com/rss/search?q=Fresno+CA+Trader+Joe%27s+customer+reviews&hl=en-US&gl=US&ceid=US:en,ok,4,
USR-080,Trader Joe's,Fresno,CA,local_news,google_news_retail,https://news.google.com/rss/search?q=Fresno+CA+Trader+Joe%27s+retail+store&hl=en-US&gl=US&ceid=US:en,high,6,
USR-080,Trader Joe's,Fresno,CA,local_news,google_news_grocery,https://news.google.com/rss/search?q=Fresno+CA+grocery+shopping+retail&hl=en-US&gl=US&ceid=US:en,high,5,
USR-080,Trader Joe's,Fresno,CA,local_news,google_news_local,https://news.google.com/rss/search?q=Fresno+CA+retail+opening+OR+store+closing&hl=en-US&gl=US&ceid=US:en,high,4,
USR-080,Trader Joe's,Fresno,CA,local_news,bing_news_retail,https://www.bing.com/news/search?q=Fresno+CA+Trader+Joe%27s+retail&format=rss,high,0,
USR-081,Walmart,Sacramento,CA,reviews,sitejabber,https://www.sitejabber.com/reviews/walmart.com,high,8,
USR-081,Walmart,Sacramento,CA,reviews,trustpilot,https://www.trustpilot.com/review/www.walmart.com,error,0,403 Client Error: Forbidden for url: https://www.trustpilot.com/review/www.walmart.com
USR-081,Walmart,Sacramento,CA,reviews,google_news_reviews,https://news.google.com/rss/search?q=Sacramento+CA+Walmart+customer+reviews&hl=en-US&gl=US&ceid=US:en,ok,8,
USR-081,Walmart,Sacramento,CA,local_news,google_news_retail,https://news.google.com/rss/search?q=Sacramento+CA+Walmart+retail+store&hl=en-US&gl=US&ceid=US:en,high,6,
USR-081,Walmart,Sacramento,CA,local_news,google_news_grocery,https://news.google.com/rss/search?q=Sacramento+CA+grocery+shopping+retail&hl=en-US&gl=US&ceid=US:en,high,6,
USR-081,Walmart,Sacramento,CA,local_news,google_news_local,https://news.google.com/rss/search?q=Sacramento+CA+retail+opening+OR+store+closing&hl=en-US&gl=US&ceid=US:en,high,4,
USR-081,Walmart,Sacramento,CA,local_news,bing_news_retail,https://www.bing.com/news/search?q=Sacramento+CA+Walmart+retail&format=rss,high,0,
USR-082,Target,Kansas City,MO,reviews,sitejabber,https://www.sitejabber.com/reviews/target.com,high,8,
USR-082,Target,Kansas City,MO,reviews,trustpilot,https://www.trustpilot.com/review/www.target.com,error,0,403 Client Error: Forbidden for url: https://www.trustpilot.com/review/www.target.com
USR-082,Target,Kansas City,MO,reviews,google_news_reviews,https://news.google.com/rss/search?q=Kansas+City+MO+Target+customer+reviews&hl=en-US&gl=US&ceid=US:en,ok,8,
USR-082,Target,Kansas City,MO,local_news,google_news_retail,https://news.google.com/rss/search?q=Kansas+City+MO+Target+retail+store&hl=en-US&gl=US&ceid=US:en,high,6,
USR-082,Target,Kansas City,MO,local_news,google_news_grocery,https://news.google.com/rss/search?q=Kansas+City+MO+grocery+shopping+retail&hl=en-US&gl=US&ceid=US:en,high,6,
USR-082,Target,Kansas City,MO,local_news,google_news_local,https://news.google.com/rss/search?q=Kansas+City+MO+retail+opening+OR+store+closing&hl=en-US&gl=US&ceid=US:en,high,3,
USR-082,Target,Kansas City,MO,local_news,bing_news_retail,https://www.bing.com/news/search?q=Kansas+City+MO+Target+retail&format=rss,high,0,
USR-083,Kroger,Atlanta,GA,reviews,sitejabber,https://www.sitejabber.com/reviews/kroger.com,high,8,
USR-083,Kroger,Atlanta,GA,reviews,trustpilot,https://www.trustpilot.com/review/www.kroger.com,error,0,403 Client Error: Forbidden for url: https://www.trustpilot.com/review/www.kroger.com
USR-083,Kroger,Atlanta,GA,reviews,google_news_reviews,https://news.google.com/rss/search?q=Atlanta+GA+Kroger+customer+reviews&hl=en-US&gl=US&ceid=US:en,ok,8,
USR-083,Kroger,Atlanta,GA,local_news,google_news_retail,https://news.google.com/rss/search?q=Atlanta+GA+Kroger+retail+store&hl=en-US&gl=US&ceid=US:en,high,6,
USR-083,Kroger,Atlanta,GA,local_news,google_news_grocery,https://news.google.com/rss/search?q=Atlanta+GA+grocery+shopping+retail&hl=en-US&gl=US&ceid=US:en,high,6,
USR-083,Kroger,Atlanta,GA,local_news,google_news_local,https://news.google.com/rss/search?q=Atlanta+GA+retail+opening+OR+store+closing&hl=en-US&gl=US&ceid=US:en,high,6,
USR-083,Kroger,Atlanta,GA,local_news,bing_news_retail,https://www.bing.com/news/search?q=Atlanta+GA+Kroger+retail&format=rss,high,1,
USR-084,Costco,Miami,FL,reviews,sitejabber,https://www.sitejabber.com/reviews/costco.com,high,8,
USR-084,Costco,Miami,FL,reviews,trustpilot,https://www.trustpilot.com/review/www.costco.com,error,0,403 Client Error: Forbidden for url: https://www.trustpilot.com/review/www.costco.com
USR-084,Costco,Miami,FL,reviews,google_news_reviews,https://news.google.com/rss/search?q=Miami+FL+Costco+customer+reviews&hl=en-US&gl=US&ceid=US:en,ok,8,
USR-084,Costco,Miami,FL,local_news,google_news_retail,https://news.google.com/rss/search?q=Miami+FL+Costco+retail+store&hl=en-US&gl=US&ceid=US:en,high,6,
USR-084,Costco,Miami,FL,local_news,google_news_grocery,https://news.google.com/rss/search?q=Miami+FL+grocery+shopping+retail&hl=en-US&gl=US&ceid=US:en,high,6,
USR-084,Costco,Miami,FL,local_news,google_news_local,https://news.google.com/rss/search?q=Miami+FL+retail+opening+OR+store+closing&hl=en-US&gl=US&ceid=US:en,high,5,
USR-084,Costco,Miami,FL,local_news,bing_news_retail,https://www.bing.com/news/search?q=Miami+FL+Costco+retail&format=rss,high,0,
USR-085,Albertsons,Tampa,FL,reviews,sitejabber,https://www.sitejabber.com/reviews/albertsons.com,high,8,
USR-085,Albertsons,Tampa,FL,reviews,google_news_reviews,https://news.google.com/rss/search?q=Tampa+FL+Albertsons+customer+reviews&hl=en-US&gl=US&ceid=US:en,ok,1,
USR-085,Albertsons,Tampa,FL,local_news,google_news_retail,https://news.google.com/rss/search?q=Tampa+FL+Albertsons+retail+store&hl=en-US&gl=US&ceid=US:en,high,6,
USR-085,Albertsons,Tampa,FL,local_news,google_news_grocery,https://news.google.com/rss/search?q=Tampa+FL+grocery+shopping+retail&hl=en-US&gl=US&ceid=US:en,high,6,
USR-085,Albertsons,Tampa,FL,local_news,google_news_local,https://news.google.com/rss/search?q=Tampa+FL+retail+opening+OR+store+closing&hl=en-US&gl=US&ceid=US:en,high,5,
USR-085,Albertsons,Tampa,FL,local_news,bing_news_retail,https://www.bing.com/news/search?q=Tampa+FL+Albertsons+retail&format=rss,high,0,
USR-086,Publix,Orlando,FL,reviews,sitejabber,https://www.sitejabber.com/reviews/publix.com,high,8,
USR-086,Publix,Orlando,FL,reviews,google_news_reviews,https://news.google.com/rss/search?q=Orlando+FL+Publix+customer+reviews&hl=en-US&gl=US&ceid=US:en,ok,8,
USR-086,Publix,Orlando,FL,local_news,google_news_retail,https://news.google.com/rss/search?q=Orlando+FL+Publix+retail+store&hl=en-US&gl=US&ceid=US:en,high,6,
USR-086,Publix,Orlando,FL,local_news,google_news_grocery,https://news.google.com/rss/search?q=Orlando+FL+grocery+shopping+retail&hl=en-US&gl=US&ceid=US:en,high,4,
USR-086,Publix,Orlando,FL,local_news,google_news_local,https://news.google.com/rss/search?q=Orlando+FL+retail+opening+OR+store+closing&hl=en-US&gl=US&ceid=US:en,high,5,
USR-086,Publix,Orlando,FL,local_news,bing_news_retail,https://www.bing.com/news/search?q=Orlando+FL+Publix+retail&format=rss,high,2,
USR-087,Whole Foods,Cleveland,OH,reviews,sitejabber,https://www.sitejabber.com/reviews/amazon.com,high,8,
USR-087,Whole Foods,Cleveland,OH,reviews,trustpilot,https://www.trustpilot.com/review/www.amazon.com,error,0,403 Client Error: Forbidden for url: https://www.trustpilot.com/review/www.amazon.com
USR-087,Whole Foods,Cleveland,OH,reviews,google_news_reviews,https://news.google.com/rss/search?q=Cleveland+OH+Whole+Foods+customer+reviews&hl=en-US&gl=US&ceid=US:en,ok,8,
USR-087,Whole Foods,Cleveland,OH,local_news,google_news_retail,https://news.google.com/rss/search?q=Cleveland+OH+Whole+Foods+retail+store&hl=en-US&gl=US&ceid=US:en,high,6,
USR-087,Whole Foods,Cleveland,OH,local_news,google_news_grocery,https://news.google.com/rss/search?q=Cleveland+OH+grocery+shopping+retail&hl=en-US&gl=US&ceid=US:en,high,5,
USR-087,Whole Foods,Cleveland,OH,local_news,google_news_local,https://news.google.com/rss/search?q=Cleveland+OH+retail+opening+OR+store+closing&hl=en-US&gl=US&ceid=US:en,high,6,
USR-087,Whole Foods,Cleveland,OH,local_news,bing_news_retail,https://www.bing.com/news/search?q=Cleveland+OH+Whole+Foods+retail&format=rss,high,0,
USR-088,CVS,Pittsburgh,PA,reviews,sitejabber,https://www.sitejabber.com/reviews/cvs.com,high,8,
USR-088,CVS,Pittsburgh,PA,reviews,google_news_reviews,https://news.google.com/rss/search?q=Pittsburgh+PA+CVS+customer+reviews&hl=en-US&gl=US&ceid=US:en,ok,8,
USR-088,CVS,Pittsburgh,PA,local_news,google_news_retail,https://news.google.com/rss/search?q=Pittsburgh+PA+CVS+retail+store&hl=en-US&gl=US&ceid=US:en,high,6,
USR-088,CVS,Pittsburgh,PA,local_news,google_news_grocery,https://news.google.com/rss/search?q=Pittsburgh+PA+grocery+shopping+retail&hl=en-US&gl=US&ceid=US:en,high,6,
USR-088,CVS,Pittsburgh,PA,local_news,google_news_local,https://news.google.com/rss/search?q=Pittsburgh+PA+retail+opening+OR+store+closing&hl=en-US&gl=US&ceid=US:en,high,5,
USR-088,CVS,Pittsburgh,PA,local_news,bing_news_retail,https://www.bing.com/news/search?q=Pittsburgh+PA+CVS+retail&format=rss,high,0,
USR-089,Walgreens,St. Louis,MO,reviews,sitejabber,https://www.sitejabber.com/reviews/walgreens.com,high,8,
USR-089,Walgreens,St. Louis,MO,reviews,google_news_reviews,https://news.google.com/rss/search?q=St.+Louis+MO+Walgreens+customer+reviews&hl=en-US&gl=US&ceid=US:en,ok,2,
USR-089,Walgreens,St. Louis,MO,local_news,google_news_retail,https://news.google.com/rss/search?q=St.+Louis+MO+Walgreens+retail+store&hl=en-US&gl=US&ceid=US:en,high,6,
USR-089,Walgreens,St. Louis,MO,local_news,google_news_grocery,https://news.google.com/rss/search?q=St.+Louis+MO+grocery+shopping+retail&hl=en-US&gl=US&ceid=US:en,high,6,
USR-089,Walgreens,St. Louis,MO,local_news,google_news_local,https://news.google.com/rss/search?q=St.+Louis+MO+retail+opening+OR+store+closing&hl=en-US&gl=US&ceid=US:en,high,5,
USR-089,Walgreens,St. Louis,MO,local_news,bing_news_retail,https://www.bing.com/news/search?q=St.+Louis+MO+Walgreens+retail&format=rss,high,3,
USR-090,Home Depot,Cincinnati,OH,reviews,sitejabber,https://www.sitejabber.com/reviews/homedepot.com,high,8,
USR-090,Home Depot,Cincinnati,OH,reviews,trustpilot,https://www.trustpilot.com/review/www.homedepot.com,error,0,403 Client Error: Forbidden for url: https://www.trustpilot.com/review/www.homedepot.com
USR-090,Home Depot,Cincinnati,OH,reviews,google_news_reviews,https://news.google.com/rss/search?q=Cincinnati+OH+Home+Depot+customer+reviews&hl=en-US&gl=US&ceid=US:en,ok,8,
USR-090,Home Depot,Cincinnati,OH,local_news,google_news_retail,https://news.google.com/rss/search?q=Cincinnati+OH+Home+Depot+retail+store&hl=en-US&gl=US&ceid=US:en,high,0,
USR-090,Home Depot,Cincinnati,OH,local_news,google_news_grocery,https://news.google.com/rss/search?q=Cincinnati+OH+grocery+shopping+retail&hl=en-US&gl=US&ceid=US:en,high,6,
USR-090,Home Depot,Cincinnati,OH,local_news,google_news_local,https://news.google.com/rss/search?q=Cincinnati+OH+retail+opening+OR+store+closing&hl=en-US&gl=US&ceid=US:en,high,6,
USR-090,Home Depot,Cincinnati,OH,local_news,bing_news_retail,https://www.bing.com/news/search?q=Cincinnati+OH+Home+Depot+retail&format=rss,high,1,
USR-091,Lowe's,Raleigh,NC,reviews,sitejabber,https://www.sitejabber.com/reviews/lowes.com,high,8,
USR-091,Lowe's,Raleigh,NC,reviews,google_news_reviews,https://news.google.com/rss/search?q=Raleigh+NC+Lowe%27s+customer+reviews&hl=en-US&gl=US&ceid=US:en,ok,4,
USR-091,Lowe's,Raleigh,NC,local_news,google_news_retail,https://news.google.com/rss/search?q=Raleigh+NC+Lowe%27s+retail+store&hl=en-US&gl=US&ceid=US:en,high,6,
USR-091,Lowe's,Raleigh,NC,local_news,google_news_grocery,https://news.google.com/rss/search?q=Raleigh+NC+grocery+shopping+retail&hl=en-US&gl=US&ceid=US:en,high,5,
USR-091,Lowe's,Raleigh,NC,local_news,google_news_local,https://news.google.com/rss/search?q=Raleigh+NC+retail+opening+OR+store+closing&hl=en-US&gl=US&ceid=US:en,high,4,
USR-091,Lowe's,Raleigh,NC,local_news,bing_news_retail,https://www.bing.com/news/search?q=Raleigh+NC+Lowe%27s+retail&format=rss,high,0,
USR-092,Best Buy,New Orleans,LA,reviews,sitejabber,https://www.sitejabber.com/reviews/bestbuy.com,high,8,
USR-092,Best Buy,New Orleans,LA,reviews,google_news_reviews,https://news.google.com/rss/search?q=New+Orleans+LA+Best+Buy+customer+reviews&hl=en-US&gl=US&ceid=US:en,ok,8,
USR-092,Best Buy,New Orleans,LA,local_news,google_news_retail,https://news.google.com/rss/search?q=New+Orleans+LA+Best+Buy+retail+store&hl=en-US&gl=US&ceid=US:en,high,6,
USR-092,Best Buy,New Orleans,LA,local_news,google_news_grocery,https://news.google.com/rss/search?q=New+Orleans+LA+grocery+shopping+retail&hl=en-US&gl=US&ceid=US:en,high,6,
USR-092,Best Buy,New Orleans,LA,local_news,google_news_local,https://news.google.com/rss/search?q=New+Orleans+LA+retail+opening+OR+store+closing&hl=en-US&gl=US&ceid=US:en,high,4,
USR-092,Best Buy,New Orleans,LA,local_news,bing_news_retail,https://www.bing.com/news/search?q=New+Orleans+LA+Best+Buy+retail&format=rss,high,0,
USR-093,Dollar General,Salt Lake City,UT,reviews,sitejabber,https://www.sitejabber.com/reviews/dollargeneral.com,high,8,
USR-093,Dollar General,Salt Lake City,UT,reviews,google_news_reviews,https://news.google.com/rss/search?q=Salt+Lake+City+UT+Dollar+General+customer+reviews&hl=en-US&gl=US&ceid=US:en,ok,3,
USR-093,Dollar General,Salt Lake City,UT,local_news,google_news_retail,https://news.google.com/rss/search?q=Salt+Lake+City+UT+Dollar+General+retail+store&hl=en-US&gl=US&ceid=US:en,high,6,
USR-093,Dollar General,Salt Lake City,UT,local_news,google_news_grocery,https://news.google.com/rss/search?q=Salt+Lake+City+UT+grocery+shopping+retail&hl=en-US&gl=US&ceid=US:en,high,6,
USR-093,Dollar General,Salt Lake City,UT,local_news,google_news_local,https://news.google.com/rss/search?q=Salt+Lake+City+UT+retail+opening+OR+store+closing&hl=en-US&gl=US&ceid=US:en,high,5,
USR-093,Dollar General,Salt Lake City,UT,local_news,bing_news_retail,https://www.bing.com/news/search?q=Salt+Lake+City+UT+Dollar+General+retail&format=rss,high,0,
USR-094,Sam's Club,Birmingham,AL,reviews,sitejabber,https://www.sitejabber.com/reviews/samsclub.com,high,8,
USR-094,Sam's Club,Birmingham,AL,reviews,google_news_reviews,https://news.google.com/rss/search?q=Birmingham+AL+Sam%27s+Club+customer+reviews&hl=en-US&gl=US&ceid=US:en,ok,3,
USR-094,Sam's Club,Birmingham,AL,local_news,google_news_retail,https://news.google.com/rss/search?q=Birmingham+AL+Sam%27s+Club+retail+store&hl=en-US&gl=US&ceid=US:en,high,6,
USR-094,Sam's Club,Birmingham,AL,local_news,google_news_grocery,https://news.google.com/rss/search?q=Birmingham+AL+grocery+shopping+retail&hl=en-US&gl=US&ceid=US:en,high,6,
USR-094,Sam's Club,Birmingham,AL,local_news,google_news_local,https://news.google.com/rss/search?q=Birmingham+AL+retail+opening+OR+store+closing&hl=en-US&gl=US&ceid=US:en,high,6,
USR-094,Sam's Club,Birmingham,AL,local_news,bing_news_retail,https://www.bing.com/news/search?q=Birmingham+AL+Sam%27s+Club+retail&format=rss,high,2,
USR-095,Aldi,Richmond,VA,reviews,sitejabber,https://www.sitejabber.com/reviews/aldi.us,high,8,
USR-095,Aldi,Richmond,VA,reviews,google_news_reviews,https://news.google.com/rss/search?q=Richmond+VA+Aldi+customer+reviews&hl=en-US&gl=US&ceid=US:en,high,0,
USR-095,Aldi,Richmond,VA,local_news,google_news_retail,https://news.google.com/rss/search?q=Richmond+VA+Aldi+retail+store&hl=en-US&gl=US&ceid=US:en,high,6,
USR-095,Aldi,Richmond,VA,local_news,google_news_grocery,https://news.google.com/rss/search?q=Richmond+VA+grocery+shopping+retail&hl=en-US&gl=US&ceid=US:en,high,6,
USR-095,Aldi,Richmond,VA,local_news,google_news_local,https://news.google.com/rss/search?q=Richmond+VA+retail+opening+OR+store+closing&hl=en-US&gl=US&ceid=US:en,high,5,
USR-095,Aldi,Richmond,VA,local_news,bing_news_retail,https://www.bing.com/news/search?q=Richmond+VA+Aldi+retail&format=rss,high,0,
USR-096,H-E-B,Boise,ID,reviews,sitejabber,https://www.sitejabber.com/reviews/heb.com,high,8,
USR-096,H-E-B,Boise,ID,reviews,google_news_reviews,https://news.google.com/rss/search?q=Boise+ID+H-E-B+customer+reviews&hl=en-US&gl=US&ceid=US:en,high,0,
USR-096,H-E-B,Boise,ID,local_news,google_news_retail,https://news.google.com/rss/search?q=Boise+ID+H-E-B+retail+store&hl=en-US&gl=US&ceid=US:en,high,6,
USR-096,H-E-B,Boise,ID,local_news,google_news_grocery,https://news.google.com/rss/search?q=Boise+ID+grocery+shopping+retail&hl=en-US&gl=US&ceid=US:en,high,6,
USR-096,H-E-B,Boise,ID,local_news,google_news_local,https://news.google.com/rss/search?q=Boise+ID+retail+opening+OR+store+closing&hl=en-US&gl=US&ceid=US:en,high,6,
USR-096,H-E-B,Boise,ID,local_news,bing_news_retail,https://www.bing.com/news/search?q=Boise+ID+H-E-B+retail&format=rss,high,0,
USR-097,Meijer,Omaha,NE,reviews,sitejabber,https://www.sitejabber.com/reviews/meijer.com,high,8,
USR-097,Meijer,Omaha,NE,reviews,google_news_reviews,https://news.google.com/rss/search?q=Omaha+NE+Meijer+customer+reviews&hl=en-US&gl=US&ceid=US:en,high,0,
USR-097,Meijer,Omaha,NE,local_news,google_news_retail,https://news.google.com/rss/search?q=Omaha+NE+Meijer+retail+store&hl=en-US&gl=US&ceid=US:en,high,6,
USR-097,Meijer,Omaha,NE,local_news,google_news_grocery,https://news.google.com/rss/search?q=Omaha+NE+grocery+shopping+retail&hl=en-US&gl=US&ceid=US:en,high,6,
USR-097,Meijer,Omaha,NE,local_news,google_news_local,https://news.google.com/rss/search?q=Omaha+NE+retail+opening+OR+store+closing&hl=en-US&gl=US&ceid=US:en,high,6,
USR-097,Meijer,Omaha,NE,local_news,bing_news_retail,https://www.bing.com/news/search?q=Omaha+NE+Meijer+retail&format=rss,high,0,
USR-098,Safeway,Oklahoma City,OK,reviews,sitejabber,https://www.sitejabber.com/reviews/safeway.com,high,8,
USR-098,Safeway,Oklahoma City,OK,reviews,google_news_reviews,https://news.google.com/rss/search?q=Oklahoma+City+OK+Safeway+customer+reviews&hl=en-US&gl=US&ceid=US:en,high,0,
USR-098,Safeway,Oklahoma City,OK,local_news,google_news_retail,https://news.google.com/rss/search?q=Oklahoma+City+OK+Safeway+retail+store&hl=en-US&gl=US&ceid=US:en,high,6,
USR-098,Safeway,Oklahoma City,OK,local_news,google_news_grocery,https://news.google.com/rss/search?q=Oklahoma+City+OK+grocery+shopping+retail&hl=en-US&gl=US&ceid=US:en,high,6,
USR-098,Safeway,Oklahoma City,OK,local_news,google_news_local,https://news.google.com/rss/search?q=Oklahoma+City+OK+retail+opening+OR+store+closing&hl=en-US&gl=US&ceid=US:en,high,2,
USR-098,Safeway,Oklahoma City,OK,local_news,bing_news_retail,https://www.bing.com/news/search?q=Oklahoma+City+OK+Safeway+retail&format=rss,high,0,
USR-099,Sprouts,Minneapolis,MN,reviews,sitejabber,https://www.sitejabber.com/reviews/sprouts.com,high,1,
USR-099,Sprouts,Minneapolis,MN,reviews,google_news_reviews,https://news.google.com/rss/search?q=Minneapolis+MN+Sprouts+customer+reviews&hl=en-US&gl=US&ceid=US:en,ok,1,
USR-099,Sprouts,Minneapolis,MN,local_news,google_news_retail,https://news.google.com/rss/search?q=Minneapolis+MN+Sprouts+retail+store&hl=en-US&gl=US&ceid=US:en,high,6,
USR-099,Sprouts,Minneapolis,MN,local_news,google_news_grocery,https://news.google.com/rss/search?q=Minneapolis+MN+grocery+shopping+retail&hl=en-US&gl=US&ceid=US:en,high,6,
USR-099,Sprouts,Minneapolis,MN,local_news,google_news_local,https://news.google.com/rss/search?q=Minneapolis+MN+retail+opening+OR+store+closing&hl=en-US&gl=US&ceid=US:en,high,6,
USR-099,Sprouts,Minneapolis,MN,local_news,bing_news_retail,https://www.bing.com/news/search?q=Minneapolis+MN+Sprouts+retail&format=rss,high,0,
USR-100,Trader Joe's,Buffalo,NY,reviews,sitejabber,https://www.sitejabber.com/reviews/traderjoes.com,high,8,
USR-100,Trader Joe's,Buffalo,NY,reviews,google_news_reviews,https://news.google.com/rss/search?q=Buffalo+NY+Trader+Joe%27s+customer+reviews&hl=en-US&gl=US&ceid=US:en,ok,8,
USR-100,Trader Joe's,Buffalo,NY,local_news,google_news_retail,https://news.google.com/rss/search?q=Buffalo+NY+Trader+Joe%27s+retail+store&hl=en-US&gl=US&ceid=US:en,high,6,
USR-100,Trader Joe's,Buffalo,NY,local_news,google_news_grocery,https://news.google.com/rss/search?q=Buffalo+NY+grocery+shopping+retail&hl=en-US&gl=US&ceid=US:en,high,5,
USR-100,Trader Joe's,Buffalo,NY,local_news,google_news_local,https://news.google.com/rss/search?q=Buffalo+NY+retail+opening+OR+store+closing&hl=en-US&gl=US&ceid=US:en,high,6,
USR-100,Trader Joe's,Buffalo,NY,local_news,bing_news_retail,https://www.bing.com/news/search?q=Buffalo+NY+Trader+Joe%27s+retail&format=rss,high,2,
