store_id,modality,doc_count,vector_dim,has_vector
USR-001,reviews,19,3072,True
USR-002,reviews,16,3072,True
USR-003,reviews,19,3072,True
USR-004,reviews,16,3072,True
USR-005,reviews,9,3072,True
USR-006,reviews,17,3072,True
USR-007,reviews,17,3072,True
USR-008,reviews,16,3072,True
USR-009,reviews,15,3072,True
USR-010,reviews,16,3072,True
USR-011,reviews,10,3072,True
USR-012,reviews,16,3072,True
USR-013,reviews,17,3072,True
USR-014,reviews,16,3072,True
USR-015,reviews,14,3072,True
USR-016,reviews,8,3072,True
USR-017,reviews,10,3072,True
USR-018,reviews,15,3072,True
USR-019,reviews,1,3072,True
USR-020,reviews,10,3072,True
USR-021,reviews,21,3072,True
USR-022,reviews,8,3072,True
USR-023,reviews,19,3072,True
USR-024,reviews,17,3072,True
USR-025,reviews,8,3072,True
USR-026,reviews,8,3072,True
USR-027,reviews,16,3072,True
USR-028,reviews,8,3072,True
USR-029,reviews,10,3072,True
USR-030,reviews,10,3072,True
USR-031,reviews,16,3072,True
USR-032,reviews,16,3072,True
USR-033,reviews,15,3072,True
USR-034,reviews,16,3072,True
USR-035,reviews,16,3072,True
USR-036,reviews,10,3072,True
USR-037,reviews,8,3072,True
USR-038,reviews,10,3072,True
USR-039,reviews,3,3072,True
USR-040,reviews,16,3072,True
USR-041,reviews,16,3072,True
USR-042,reviews,16,3072,True
USR-043,reviews,13,3072,True
USR-044,reviews,16,3072,True
USR-045,reviews,10,3072,True
USR-046,reviews,8,3072,True
USR-047,reviews,16,3072,True
USR-048,reviews,10,3072,True
USR-049,reviews,11,3072,True
USR-050,reviews,16,3072,True
USR-051,reviews,12,3072,True
USR-052,reviews,16,3072,True
USR-053,reviews,17,3072,True
USR-054,reviews,16,3072,True
USR-055,reviews,18,3072,True
USR-056,reviews,19,3072,True
USR-057,reviews,8,3072,True
USR-058,reviews,16,3072,True
USR-059,reviews,7,3072,True
USR-060,reviews,16,3072,True
USR-061,reviews,16,3072,True
USR-062,reviews,16,3072,True
USR-063,reviews,17,3072,True
USR-064,reviews,17,3072,True
USR-065,reviews,9,3072,True
USR-066,reviews,14,3072,True
USR-067,reviews,16,3072,True
USR-068,reviews,16,3072,True
USR-069,reviews,14,3072,True
USR-070,reviews,16,3072,True
USR-071,reviews,9,3072,True
USR-072,reviews,16,3072,True
USR-073,reviews,16,3072,True
USR-074,reviews,13,3072,True
USR-075,reviews,12,3072,True
USR-076,reviews,9,3072,True
USR-077,reviews,10,3072,True
USR-078,reviews,8,3072,True
USR-079,reviews,5,3072,True
USR-080,reviews,12,3072,True
USR-081,reviews,16,3072,True
USR-082,reviews,17,3072,True
USR-083,reviews,17,3072,True
USR-084,reviews,17,3072,True
USR-085,reviews,9,3072,True
USR-086,reviews,17,3072,True
USR-087,reviews,16,3072,True
USR-088,reviews,16,3072,True
USR-089,reviews,10,3072,True
USR-090,reviews,16,3072,True
USR-091,reviews,12,3072,True
USR-092,reviews,16,3072,True
USR-093,reviews,11,3072,True
USR-094,reviews,12,3072,True
USR-095,reviews,8,3072,True
USR-096,reviews,8,3072,True
USR-097,reviews,8,3072,True
USR-098,reviews,8,3072,True
USR-099,reviews,2,3072,True
USR-100,reviews,16,3072,True
USR-001,news,22,3072,True
USR-002,news,21,3072,True
USR-003,news,16,3072,True
USR-004,news,16,3072,True
USR-005,news,16,3072,True
USR-006,news,18,3072,True
USR-007,news,17,3072,True
USR-008,news,18,3072,True
USR-009,news,17,3072,True
USR-010,news,20,3072,True
USR-011,news,18,3072,True
USR-012,news,19,3072,True
USR-013,news,15,3072,True
USR-014,news,20,3072,True
USR-015,news,17,3072,True
USR-016,news,15,3072,True
USR-017,news,18,3072,True
USR-018,news,16,3072,True
USR-019,news,18,3072,True
USR-020,news,23,3072,True
USR-021,news,18,3072,True
USR-022,news,18,3072,True
USR-023,news,17,3072,True
USR-024,news,18,3072,True
USR-025,news,10,3072,True
USR-026,news,18,3072,True
USR-027,news,18,3072,True
USR-028,news,15,3072,True
USR-029,news,15,3072,True
USR-030,news,16,3072,True
USR-031,news,18,3072,True
USR-032,news,19,3072,True
USR-033,news,17,3072,True
USR-034,news,21,3072,True
USR-035,news,17,3072,True
USR-036,news,17,3072,True
USR-037,news,19,3072,True
USR-038,news,18,3072,True
USR-039,news,16,3072,True
USR-040,news,21,3072,True
USR-041,news,17,3072,True
USR-042,news,18,3072,True
USR-043,news,14,3072,True
USR-044,news,18,3072,True
USR-045,news,18,3072,True
USR-046,news,14,3072,True
USR-047,news,18,3072,True
USR-048,news,18,3072,True
USR-049,news,18,3072,True
USR-050,news,20,3072,True
USR-051,news,18,3072,True
USR-052,news,17,3072,True
USR-053,news,20,3072,True
USR-054,news,20,3072,True
USR-055,news,16,3072,True
USR-056,news,21,3072,True
USR-057,news,17,3072,True
USR-058,news,18,3072,True
USR-059,news,21,3072,True
USR-060,news,18,3072,True
USR-061,news,20,3072,True
USR-062,news,19,3072,True
USR-063,news,17,3072,True
USR-064,news,20,3072,True
USR-065,news,17,3072,True
USR-066,news,20,3072,True
USR-067,news,21,3072,True
USR-068,news,15,3072,True
USR-069,news,18,3072,True
USR-070,news,19,3072,True
USR-071,news,18,3072,True
USR-072,news,17,3072,True
USR-073,news,18,3072,True
USR-074,news,23,3072,True
USR-075,news,17,3072,True
USR-076,news,18,3072,True
USR-077,news,15,3072,True
USR-078,news,18,3072,True
USR-079,news,17,3072,True
USR-080,news,15,3072,True
USR-081,news,16,3072,True
USR-082,news,15,3072,True
USR-083,news,19,3072,True
USR-084,news,17,3072,True
USR-085,news,17,3072,True
USR-086,news,17,3072,True
USR-087,news,17,3072,True
USR-088,news,17,3072,True
USR-089,news,20,3072,True
USR-090,news,13,3072,True
USR-091,news,15,3072,True
USR-092,news,16,3072,True
USR-093,news,17,3072,True
USR-094,news,20,3072,True
USR-095,news,17,3072,True
USR-096,news,18,3072,True
USR-097,news,18,3072,True
USR-098,news,14,3072,True
USR-099,news,18,3072,True
USR-100,news,19,3072,True
USR-001,reports,6,3072,True
USR-002,reports,7,3072,True
USR-003,reports,11,3072,True
USR-004,reports,12,3072,True
USR-005,reports,15,3072,True
USR-006,reports,12,3072,True
USR-007,reports,10,3072,True
USR-008,reports,5,3072,True
USR-009,reports,13,3072,True
USR-010,reports,9,3072,True
USR-011,reports,10,3072,True
USR-012,reports,11,3072,True
USR-013,reports,12,3072,True
USR-014,reports,11,3072,True
USR-015,reports,6,3072,True
USR-016,reports,9,3072,True
USR-017,reports,10,3072,True
USR-018,reports,9,3072,True
USR-019,reports,10,3072,True
USR-020,reports,8,3072,True
USR-021,reports,8,3072,True
USR-022,reports,7,3072,True
USR-023,reports,9,3072,True
USR-024,reports,9,3072,True
USR-025,reports,10,3072,True
USR-026,reports,8,3072,True
USR-027,reports,8,3072,True
USR-028,reports,9,3072,True
USR-029,reports,7,3072,True
USR-030,reports,9,3072,True
USR-031,reports,10,3072,True
USR-032,reports,4,3072,True
USR-033,reports,7,3072,True
USR-034,reports,11,3072,True
USR-035,reports,10,3072,True
USR-036,reports,10,3072,True
USR-037,reports,7,3072,True
USR-038,reports,10,3072,True
USR-039,reports,7,3072,True
USR-040,reports,10,3072,True
USR-041,reports,9,3072,True
USR-042,reports,9,3072,True
USR-043,reports,12,3072,True
USR-044,reports,14,3072,True
USR-045,reports,9,3072,True
USR-046,reports,7,3072,True
USR-047,reports,8,3072,True
USR-048,reports,11,3072,True
USR-049,reports,9,3072,True
USR-050,reports,8,3072,True
USR-051,reports,5,3072,True
USR-052,reports,10,3072,True
USR-053,reports,8,3072,True
USR-054,reports,5,3072,True
USR-055,reports,9,3072,True
USR-056,reports,12,3072,True
USR-057,reports,8,3072,True
USR-058,reports,9,3072,True
USR-059,reports,6,3072,True
USR-060,reports,7,3072,True
USR-061,reports,13,3072,True
USR-062,reports,7,3072,True
USR-063,reports,7,3072,True
USR-064,reports,9,3072,True
USR-065,reports,12,3072,True
USR-066,reports,9,3072,True
USR-067,reports,9,3072,True
USR-068,reports,4,3072,True
USR-069,reports,7,3072,True
USR-070,reports,11,3072,True
USR-071,reports,5,3072,True
USR-072,reports,10,3072,True
USR-073,reports,9,3072,True
USR-074,reports,9,3072,True
USR-075,reports,6,3072,True
USR-076,reports,12,3072,True
USR-077,reports,10,3072,True
USR-078,reports,5,3072,True
USR-079,reports,9,3072,True
USR-080,reports,7,3072,True
USR-081,reports,9,3072,True
USR-082,reports,9,3072,True
USR-083,reports,7,3072,True
USR-084,reports,7,3072,True
USR-085,reports,10,3072,True
USR-086,reports,8,3072,True
USR-087,reports,7,3072,True
USR-088,reports,13,3072,True
USR-089,reports,7,3072,True
USR-090,reports,14,3072,True
USR-091,reports,10,3072,True
USR-092,reports,10,3072,True
USR-093,reports,7,3072,True
USR-094,reports,14,3072,True
USR-095,reports,8,3072,True
USR-096,reports,6,3072,True
USR-097,reports,8,3072,True
USR-098,reports,5,3072,True
USR-099,reports,11,3072,True
USR-100,reports,10,3072,True
USR-001,products,12,3072,True
USR-002,products,15,3072,True
USR-003,products,15,3072,True
USR-004,products,18,3072,True
USR-005,products,16,3072,True
USR-006,products,16,3072,True
USR-007,products,17,3072,True
USR-008,products,17,3072,True
USR-009,products,16,3072,True
USR-010,products,16,3072,True
USR-011,products,16,3072,True
USR-012,products,15,3072,True
USR-013,products,12,3072,True
USR-014,products,16,3072,True
USR-015,products,18,3072,True
USR-016,products,18,3072,True
USR-017,products,18,3072,True
USR-018,products,19,3072,True
USR-019,products,16,3072,True
USR-020,products,16,3072,True
USR-021,products,19,3072,True
USR-022,products,14,3072,True
USR-023,products,17,3072,True
USR-024,products,20,3072,True
USR-025,products,16,3072,True
USR-026,products,17,3072,True
USR-027,products,16,3072,True
USR-028,products,18,3072,True
USR-029,products,20,3072,True
USR-030,products,13,3072,True
USR-031,products,18,3072,True
USR-032,products,16,3072,True
USR-033,products,12,3072,True
USR-034,products,13,3072,True
USR-035,products,16,3072,True
USR-036,products,16,3072,True
USR-037,products,18,3072,True
USR-038,products,18,3072,True
USR-039,products,18,3072,True
USR-040,products,15,3072,True
USR-041,products,17,3072,True
USR-042,products,14,3072,True
USR-043,products,18,3072,True
USR-044,products,23,3072,True
USR-045,products,16,3072,True
USR-046,products,14,3072,True
USR-047,products,15,3072,True
USR-048,products,18,3072,True
USR-049,products,17,3072,True
USR-050,products,12,3072,True
USR-051,products,16,3072,True
USR-052,products,17,3072,True
USR-053,products,16,3072,True
USR-054,products,20,3072,True
USR-055,products,15,3072,True
USR-056,products,16,3072,True
USR-057,products,18,3072,True
USR-058,products,16,3072,True
USR-059,products,10,3072,True
USR-060,products,16,3072,True
USR-061,products,22,3072,True
USR-062,products,17,3072,True
USR-063,products,19,3072,True
USR-064,products,19,3072,True
USR-065,products,17,3072,True
USR-066,products,17,3072,True
USR-067,products,15,3072,True
USR-068,products,18,3072,True
USR-069,products,17,3072,True
USR-070,products,14,3072,True
USR-071,products,18,3072,True
USR-072,products,13,3072,True
USR-073,products,13,3072,True
USR-074,products,17,3072,True
USR-075,products,16,3072,True
USR-076,products,18,3072,True
USR-077,products,17,3072,True
USR-078,products,16,3072,True
USR-079,products,16,3072,True
USR-080,products,11,3072,True
USR-081,products,18,3072,True
USR-082,products,13,3072,True
USR-083,products,17,3072,True
USR-084,products,19,3072,True
USR-085,products,18,3072,True
USR-086,products,16,3072,True
USR-087,products,15,3072,True
USR-088,products,16,3072,True
USR-089,products,17,3072,True
USR-090,products,14,3072,True
USR-091,products,16,3072,True
USR-092,products,17,3072,True
USR-093,products,16,3072,True
USR-094,products,20,3072,True
USR-095,products,12,3072,True
USR-096,products,14,3072,True
USR-097,products,15,3072,True
USR-098,products,18,3072,True
USR-099,products,16,3072,True
USR-100,products,17,3072,True
USR-001,ops_weekly,52,3072,True
USR-002,ops_weekly,52,3072,True
USR-003,ops_weekly,52,3072,True
USR-004,ops_weekly,52,3072,True
USR-005,ops_weekly,52,3072,True
USR-006,ops_weekly,52,3072,True
USR-007,ops_weekly,52,3072,True
USR-008,ops_weekly,52,3072,True
USR-009,ops_weekly,52,3072,True
USR-010,ops_weekly,52,3072,True
USR-011,ops_weekly,52,3072,True
USR-012,ops_weekly,52,3072,True
USR-013,ops_weekly,52,3072,True
USR-014,ops_weekly,52,3072,True
USR-015,ops_weekly,52,3072,True
USR-016,ops_weekly,52,3072,True
USR-017,ops_weekly,52,3072,True
USR-018,ops_weekly,52,3072,True
USR-019,ops_weekly,52,3072,True
USR-020,ops_weekly,52,3072,True
USR-021,ops_weekly,52,3072,True
USR-022,ops_weekly,52,3072,True
USR-023,ops_weekly,52,3072,True
USR-024,ops_weekly,52,3072,True
USR-025,ops_weekly,52,3072,True
USR-026,ops_weekly,52,3072,True
USR-027,ops_weekly,52,3072,True
USR-028,ops_weekly,52,3072,True
USR-029,ops_weekly,52,3072,True
USR-030,ops_weekly,52,3072,True
USR-031,ops_weekly,52,3072,True
USR-032,ops_weekly,52,3072,True
USR-033,ops_weekly,52,3072,True
USR-034,ops_weekly,52,3072,True
USR-035,ops_weekly,52,3072,True
USR-036,ops_weekly,52,3072,True
USR-037,ops_weekly,52,3072,True
USR-038,ops_weekly,52,3072,True
USR-039,ops_weekly,52,3072,True
USR-040,ops_weekly,52,3072,True
USR-041,ops_weekly,52,3072,True
USR-042,ops_weekly,52,3072,True
USR-043,ops_weekly,52,3072,True
USR-044,ops_weekly,52,3072,True
USR-045,ops_weekly,52,3072,True
USR-046,ops_weekly,52,3072,True
USR-047,ops_weekly,52,3072,True
USR-048,ops_weekly,52,3072,True
USR-049,ops_weekly,52,3072,True
USR-050,ops_weekly,52,3072,True
USR-051,ops_weekly,52,3072,True
USR-052,ops_weekly,52,3072,True
USR-053,ops_weekly,52,3072,True
USR-054,ops_weekly,52,3072,True
USR-055,ops_weekly,52,3072,True
USR-056,ops_weekly,52,3072,True
USR-057,ops_weekly,52,3072,True
USR-058,ops_weekly,52,3072,True
USR-059,ops_weekly,52,3072,True
USR-060,ops_weekly,52,3072,True
USR-061,ops_weekly,52,3072,True
USR-062,ops_weekly,52,3072,True
USR-063,ops_weekly,52,3072,True
USR-064,ops_weekly,52,3072,True
USR-065,ops_weekly,52,3072,True
USR-066,ops_weekly,52,3072,True
USR-067,ops_weekly,52,3072,True
USR-068,ops_weekly,52,3072,True
USR-069,ops_weekly,52,3072,True
USR-070,ops_weekly,52,3072,True
USR-071,ops_weekly,52,3072,True
USR-072,ops_weekly,52,3072,True
USR-073,ops_weekly,52,3072,True
USR-074,ops_weekly,52,3072,True
USR-075,ops_weekly,52,3072,True
USR-076,ops_weekly,52,3072,True
USR-077,ops_weekly,52,3072,True
USR-078,ops_weekly,52,3072,True
USR-079,ops_weekly,52,3072,True
USR-080,ops_weekly,52,3072,True
USR-081,ops_weekly,52,3072,True
USR-082,ops_weekly,52,3072,True
USR-083,ops_weekly,52,3072,True
USR-084,ops_weekly,52,3072,True
USR-085,ops_weekly,52,3072,True
USR-086,ops_weekly,52,3072,True
USR-087,ops_weekly,52,3072,True
USR-088,ops_weekly,52,3072,True
USR-089,ops_weekly,52,3072,True
USR-090,ops_weekly,52,3072,True
USR-091,ops_weekly,52,3072,True
USR-092,ops_weekly,52,3072,True
USR-093,ops_weekly,52,3072,True
USR-094,ops_weekly,52,3072,True
USR-095,ops_weekly,52,3072,True
USR-096,ops_weekly,52,3072,True
USR-097,ops_weekly,52,3072,True
USR-098,ops_weekly,52,3072,True
USR-099,ops_weekly,52,3072,True
USR-100,ops_weekly,52,3072,True
USR-001,structured_ops,52,5,True
USR-002,structured_ops,52,5,True
USR-003,structured_ops,52,5,True
USR-004,structured_ops,52,5,True
USR-005,structured_ops,52,5,True
USR-006,structured_ops,52,5,True
USR-007,structured_ops,52,5,True
USR-008,structured_ops,52,5,True
USR-009,structured_ops,52,5,True
USR-010,structured_ops,52,5,True
USR-011,structured_ops,52,5,True
USR-012,structured_ops,52,5,True
USR-013,structured_ops,52,5,True
USR-014,structured_ops,52,5,True
USR-015,structured_ops,52,5,True
USR-016,structured_ops,52,5,True
USR-017,structured_ops,52,5,True
USR-018,structured_ops,52,5,True
USR-019,structured_ops,52,5,True
USR-020,structured_ops,52,5,True
USR-021,structured_ops,52,5,True
USR-022,structured_ops,52,5,True
USR-023,structured_ops,52,5,True
USR-024,structured_ops,52,5,True
USR-025,structured_ops,52,5,True
USR-026,structured_ops,52,5,True
USR-027,structured_ops,52,5,True
USR-028,structured_ops,52,5,True
USR-029,structured_ops,52,5,True
USR-030,structured_ops,52,5,True
USR-031,structured_ops,52,5,True
USR-032,structured_ops,52,5,True
USR-033,structured_ops,52,5,True
USR-034,structured_ops,52,5,True
USR-035,structured_ops,52,5,True
USR-036,structured_ops,52,5,True
USR-037,structured_ops,52,5,True
USR-038,structured_ops,52,5,True
USR-039,structured_ops,52,5,True
USR-040,structured_ops,52,5,True
USR-041,structured_ops,52,5,True
USR-042,structured_ops,52,5,True
USR-043,structured_ops,52,5,True
USR-044,structured_ops,52,5,True
USR-045,structured_ops,52,5,True
USR-046,structured_ops,52,5,True
USR-047,structured_ops,52,5,True
USR-048,structured_ops,52,5,True
USR-049,structured_ops,52,5,True
USR-050,structured_ops,52,5,True
USR-051,structured_ops,52,5,True
USR-052,structured_ops,52,5,True
USR-053,structured_ops,52,5,True
USR-054,structured_ops,52,5,True
USR-055,structured_ops,52,5,True
USR-056,structured_ops,52,5,True
USR-057,structured_ops,52,5,True
USR-058,structured_ops,52,5,True
USR-059,structured_ops,52,5,True
USR-060,structured_ops,52,5,True
USR-061,structured_ops,52,5,True
USR-062,structured_ops,52,5,True
USR-063,structured_ops,52,5,True
USR-064,structured_ops,52,5,True
USR-065,structured_ops,52,5,True
USR-066,structured_ops,52,5,True
USR-067,structured_ops,52,5,True
USR-068,structured_ops,52,5,True
USR-069,structured_ops,52,5,True
USR-070,structured_ops,52,5,True
USR-071,structured_ops,52,5,True
USR-072,structured_ops,52,5,True
USR-073,structured_ops,52,5,True
USR-074,structured_ops,52,5,True
USR-075,structured_ops,52,5,True
USR-076,structured_ops,52,5,True
USR-077,structured_ops,52,5,True
USR-078,structured_ops,52,5,True
USR-079,structured_ops,52,5,True
USR-080,structured_ops,52,5,True
USR-081,structured_ops,52,5,True
USR-082,structured_ops,52,5,True
USR-083,structured_ops,52,5,True
USR-084,structured_ops,52,5,True
USR-085,structured_ops,52,5,True
USR-086,structured_ops,52,5,True
USR-087,structured_ops,52,5,True
USR-088,structured_ops,52,5,True
USR-089,structured_ops,52,5,True
USR-090,structured_ops,52,5,True
USR-091,structured_ops,52,5,True
USR-092,structured_ops,52,5,True
USR-093,structured_ops,52,5,True
USR-094,structured_ops,52,5,True
USR-095,structured_ops,52,5,True
USR-096,structured_ops,52,5,True
USR-097,structured_ops,52,5,True
USR-098,structured_ops,52,5,True
USR-099,structured_ops,52,5,True
USR-100,structured_ops,52,5,True
